NOTATION,Location 1,DATA_STATUS,COMP_TYPE,SUB_TYPE,APPROVED,X_COORD,Y_COORD,PARCEL,Location 2,Location 3,INSP_AREA,Community,STREET_DIRECTIONKEEP THE BUILDING VACANT,"3577 ALASKA AVCincinnati, OHIO(39.14804804612652, -84.49893736572437)",CIVIL1  ,CBHCODE ,VACANT  ,N,1401518,424431,"011300020006      
Avondale,CONDEMNATION,830,3584,ALASKA AV                       ,HAZARD  ,CBHCODE ,  ,3584 ALASKA AV,VACANT  ,N,1401787,424493,011300020016      ",,3577 ALASKA AV,850,Avondale,CONDEMNATION,"3669 ALTER PLCincinnati, OHIO(39.15108775458555, -84.48876603357297)",CIVIL2  ,CBHCODE ,VACANT  ,N,1404519,425478,"011200040039      
Avondale,KEEP THE BUILDING VACANT,850,251,BAXTER AV                       ,ORDERS  ,CBHCODE ,  ,251 BAXTER AV,VACANT  ,N,1400305,425187,021600450013      ",,3669 ALTER PL,830,Avondale,CONDEMNATION,"3716 BEATRICE DRCincinnati, OHIO(39.149415015611055, -84.48359493190452)",CIVIL2  ,CBHCODE ,VACANT  ,N,1406039,424748,"010800070014      
Avondale,KEEP THE BUILDING VACANT,820,589,BLAIR AV                        ,FINLNOTC,CBHCODE ,  ,589 BLAIR AV,VACANT  ,N,1403010,421775,010600030118      ",,3716 BEATRICE DR,810,Avondale,KEEP THE BUILDING VACANT,"826 BLAIR AVCincinnati, OHIO(39.14112326650093, -84.49162587762618)",FINLNOTC,CBHCODE ,VACANT  ,N,1403669,421919,"010700100109      
Avondale,KEEP THE BUILDING VACANT,820,830,BLAIR AV                        ,FINLNOTC,CBHCODE ,  ,830 BLAIR AV,VACANT  ,N,1403726,421915,010700100089      ",,826 BLAIR AV,820,Avondale,CONDEMNATION,"847 BLAIR AVCincinnati, OHIO(39.1410513207386, -84.49060964373302)",ORDERS  ,CBHCODE ,VACANT  ,N,1403936,421734,"010500030079      
Avondale,CONDEMNATION,820,901,BLAIR AV                        ,HAZARD  ,CBHCODE ,  ,901 BLAIR AV,VACANT  ,N,1404636,421659,006000030006      ",,847 BLAIR AV,820,Avondale,CONDEMNATION,"3584 BOGART AVCincinnati, OHIO(39.14744550036693, -84.4919406403364)",CRIMINAL,CBHCODE ,VACANT  ,N,1403697,424138,"011200050090      
Avondale,CONDEMNATION,830,3585,BOGART AV                       ,ORDERS  ,CBHCODE ,  ,3585 BOGART AV,VACANT  ,N,1403527,424229,011200060065      ",,3584 BOGART AV,830,Avondale,KEEP THE BUILDING VACANT,"3585 BOGART AVCincinnati, OHIO(39.14764335121333, -84.49200359287846)",PREPROS ,CBHCODE ,VACANT  ,N,1403527,424229,"011200060065      
Avondale,CONDEMNATION,830,3586,BOGART AV                       ,CIVIL1  ,CBHCODE ,  ,3586 BOGART AV,VACANT  ,N,1403703,424190,011200050047      ",,3585 BOGART AV,830,Avondale,KEEP THE BUILDING VACANT,"3589 BOGART AVCincinnati, OHIO(39.14771529697566, -84.49199459965814)",PREPROS ,CBHCODE ,VACANT  ,N,1403555,424270,"011200060096      
Avondale,KEEP THE BUILDING VACANT,830,3593,BOGART AV                       ,ORDERS  ,CBHCODE ,  ,3593 BOGART AV,VACANT  ,N,1403555,424313,011200060012      ",,3589 BOGART AV,830,Avondale,KEEP THE BUILDING VACANT,"3115 BORRMAN AVCincinnati, OHIO(39.135151768226365, -84.494935382694)",CIVIL2  ,CBHCODE ,VACANT  ,N,1402642,419705,"010500010072      
Avondale,KEEP THE BUILDING VACANT,420,3117,BORRMAN AV                      ,CIVIL2  ,CBHCODE ,  ,3117 BORRMAN AV,VACANT  ,N,1402644,419737,010500010074      ",,3115 BORRMAN AV,420,Avondale,KEEP THE BUILDING VACANT,"3121 BORRMAN AVCincinnati, OHIO(39.13541257161489, -84.4949084030331)",CIVIL2  ,CBHCODE ,VACANT  ,N,1402643,419797,"010500010077      
Avondale,KEEP THE BUILDING VACANT,420,3125,BORRMAN AV                      ,CIVIL1  ,CBHCODE ,  ,3125 BORRMAN AV,VACANT  ,N,1402650,419846,010500010079      ",,3121 BORRMAN AV,420,Avondale,CONDEMNATION,"14 BOWMAN TERCincinnati, OHIO(39.13561941568162, -84.4961764470944)",ORDERS  ,CBHCODE ,VACANT  ,N,1402410,419876,"010500010229      
Avondale,CONDEMNATION,420,16,BOWMAN TER                      ,ORDERS  ,CBHCODE ,  ,16 BOWMAN TER,VACANT  ,N,1402405,419814,010500010218      ",,14 BOWMAN TER,420,Avondale,KEEP THE BUILDING VACANT,"3002 BURNET AVCincinnati, OHIO(39.13364990043743, -84.50116768435703)",ORDERS  ,CBHCODE ,VACANT  ,N,1401014,419172,"009100010019      
Avondale,CONDEMNATION,810,965,BURTON AV                       ,CIVIL1  ,CBHCODE ,  ,965 BURTON AV,VACANT  ,N,1405985,424944,010800070001      ",,3002 BURNET AV,420,Avondale,CONDEMNATION,"1029 BURTON AVCincinnati, OHIO(39.148632605445584, -84.48131964717038)",ORDERS  ,CBHCODE ,VACANT  ,N,1406607,424476,"010800030027      
Avondale,CONDEMNATION,820,532,CARPLIN PL                      ,FINLNOTC,CBHCODE ,  ,532 CARPLIN PL,VACANT  ,N,1402180,421131,010600030109      ",,1029 BURTON AV,810,Avondale,KEEP THE BUILDING VACANT,"532 CARPLIN PLCincinnati, OHIO(39.13897388685092, -84.49679697929463)",ORDERS  ,CBHCODE ,VACANT  ,N,1402180,421131,"010600030109      
Avondale,KEEP THE BUILDING VACANT,830,700,CHALFONTE PL                    ,ORDERS  ,CBHCODE ,  ,700 CHALFONTE PL,VACANT  ,N,1404120,425168,011200040018      ",,532 CARPLIN PL,820,Avondale,CONDEMNATION,"814 CLEVELAND AVCincinnati, OHIO(39.14231037157958, -84.49100534542595)",CRIMINAL,CBHCODE ,VACANT  ,N,1403860,422355,"010700100106      
Avondale,CONDEMNATION,820,823,CLEVELAND AV                    ,PREPROS ,CBHCODE ,  ,823 CLEVELAND AV,VACANT  ,N,1404033,422129,010700100084      ",,814 CLEVELAND AV,820,Avondale,CONDEMNATION,"829 CLEVELAND AVCincinnati, OHIO(39.14221144615635, -84.48980025390665)",CIVIL1  ,CBHCODE ,VACANT  ,N,1404183,422131,"010700100082      
Avondale,KEEP THE BUILDING VACANT,820,940,CLEVELAND AV                    ,CIVIL1  ,CBHCODE ,  ,940 CLEVELAND AV,VACANT  ,N,1404757,422331,010700110082      ",,829 CLEVELAND AV,820,Avondale,CONDEMNATION,"3320 DREXEL PLCincinnati, OHIO(39.14022394447164, -84.4895484437385)",ORDERS  ,CBHCODE ,VACANT  ,N,1404346,421542,"006000030105      
Avondale,CONDEMNATION,850,3590,EDEN AV                         ,PREPROS ,CBHCODE ,  ,3590 EDEN AV,VACANT  ,N,1400422,424680,021600450113      ",,3320 DREXEL PL,820,Avondale,CONDEMNATION,"3828 EDGEHILL PLCincinnati, OHIO(39.15425336812871, -84.49229137592783)",PREPROS ,CBHCODE ,VACANT  ,N,1403642,426698,"011200020040      
Avondale,KEEP THE BUILDING VACANT,850,32,EHRMAN AV                       ,CRIMINAL,CBHCODE ,  ,32 EHRMAN AV,VACANT  ,N,1399066,425530,021600460084      ",,3828 EDGEHILL PL,830,Avondale,CONDEMNATION,"32 EHRMAN AVCincinnati, OHIO(39.150817957976756, -84.50832628771025)",HAZARD  ,CBHCODE ,VACANT  ,N,1399066,425530,"021600460084      
Avondale,CONDEMNATION,850,40,EHRMAN AV                       ,FINLNOTC,CBHCODE ,  ,40 EHRMAN AV,VACANT  ,N,1399104,425459,021600460055      ",,32 EHRMAN AV,850,Avondale,KEEP THE BUILDING VACANT,"91 EHRMAN AVCincinnati, OHIO(39.149585886796615, -84.50666254195608)",CIVIL1  ,CBHCODE ,VACANT  ,N,1399464,424963,"021600470180      
Avondale,KEEP THE BUILDING VACANT,850,236,ERKENBRECHER AV                 ,CIVIL1  ,CBHCODE ,  ,236 ERKENBRECHER AV,VACANT  ,N,1400090,422383,011300050081      ",,91 EHRMAN AV,850,Avondale,CONDEMNATION,"304 ERKENBRECHER AVCincinnati, OHIO(39.142067554631694, -84.50289438265327)",CRIMINAL,CBHCODE ,VACANT  ,N,1400483,422345,"011300040094      
Avondale,KEEP THE BUILDING VACANT,850,17,FOREST AV                       ,ORDERS  ,CBHCODE ,  ,17 FOREST AV,VACANT  ,N,1398430,425049,021600470175      ",,304 ERKENBRECHER AV,850,Avondale,KEEP THE BUILDING VACANT,"225 FOREST AVCincinnati, OHIO(39.14648322579552, -84.50415343349431)",FINLNOTC,CBHCODE ,VACANT  ,N,1400152,423788,"021600440130      
Avondale,KEEP THE BUILDING VACANT,850,227,FOREST AV                       ,FINLNOTC,CBHCODE ,  ,227 FOREST AV,VACANT  ,N,1400187,423788,021600440166      ",,225 FOREST AV,850,Avondale,CONDEMNATION,"231 FOREST AVCincinnati, OHIO(39.14646523935494, -84.50386565044494)",CIVIL1  ,CBHCODE ,VACANT  ,N,1400234,423783,"021600440154      
Avondale,KEEP THE BUILDING VACANT,850,233,FOREST AV                       ,CRIMPREP,CBHCODE ,  ,233 FOREST AV,VACANT  ,N,1400270,423797,021600440169      ",,231 FOREST AV,850,Avondale,CONDEMNATION,"233 FOREST AVCincinnati, OHIO(39.146456246134676, -84.50371276569996)",HAZARD  ,CBHCODE ,VACANT  ,N,1400270,423797,"021600440169      
Avondale,CONDEMNATION,850,310,FOREST AV                       ,CIVIL1  ,CBHCODE ,  ,310 FOREST AV,VACANT  ,N,1400714,423924,021600430028      ",,233 FOREST AV,850,Avondale,CONDEMNATION,"337 FOREST AVCincinnati, OHIO(39.1463033613897, -84.50105077249322)",HAZARD  ,CBHCODE ,VACANT  ,N,1401023,423696,"021600430036      
Avondale,KEEP THE BUILDING VACANT,850,337,FOREST AV                       ,CIVIL1  ,CBHCODE ,  ,337 FOREST AV,VACANT  ,N,1401023,423696,021600430036      ",,337 FOREST AV,850,Avondale,KEEP THE BUILDING VACANT,"348 FOREST AVCincinnati, OHIO(39.14633034105054, -84.5005741318177)",CIVIL1  ,CBHCODE ,VACANT  ,N,1401177,423866,"021600430053      
Avondale,CONDEMNATION,850,400,FOREST AV                       ,ORDERS  ,CBHCODE ,  ,400 FOREST AV,VACANT  ,N,1401473,423923,011300020010      ",,348 FOREST AV,850,Avondale,KEEP THE BUILDING VACANT ,"400 FOREST AVCincinnati, OHIO(39.146267388508534, -84.49947695894195)",CIVIL1  ,CBHCODEC,VACANT  ,N,1401473,423923,"011300020010      
Avondale,KEEP THE BUILDING VACANT ,830,521,FOREST AV                       ,ORDERS  ,CBHCODEC,  ,521 FOREST AV,VACANT  ,N,1402378,423512,011300010016      ",,400 FOREST AV,850,Avondale,KEEP THE BUILDING VACANT,"610 FOREST AVCincinnati, OHIO(39.14585370037503, -84.49452169456049)",CIVIL2  ,CBHCODE ,VACANT  ,N,1402899,423679,"011200060116      
Avondale,KEEP THE BUILDING VACANT,830,617,FOREST AV                       ,ORDERS  ,CBHCODE ,  ,617 FOREST AV,VACANT  ,N,1402942,423458,010700090003      ",,610 FOREST AV,830,Avondale,KEEP THE BUILDING VACANT,"641 FOREST AVCincinnati, OHIO(39.14568282918947, -84.49299284711071)",CRIMINAL,CBHCODE ,VACANT  ,N,1403310,423391,"010700090009      
Avondale,VACATE THE BUILDING,830,644,FOREST AV                       ,ORDERS  ,CBHCODE ,  ,644 FOREST AV,VACANT  ,N,1403271,423621,011200060026      ",,641 FOREST AV,830,Avondale,KEEP THE BUILDING VACANT,"644 FOREST AVCincinnati, OHIO(39.145745781731534, -84.49313673863537)",ORDERS  ,CBHCODE ,VACANT  ,N,1403271,423621,"011200060026      
Avondale,CONDEMNATION,830,731,FRED SHUTTLESWORTH CIR          ,HAZARD  ,CBHCODE ,N ,731 N FRED SHUTTLESWORTH CIR,VACANT  ,N,1404600,426532,011200010012      ",,644 FOREST AV,830,Avondale,KEEP THE BUILDING VACANT,"731 N FRED SHUTTLESWORTH CIRCincinnati, OHIO(39.154325313891036, -84.48881999289472)",FINLNOTC,CBHCODE ,VACANT  ,N,1404600,426532,"011200010012      
Avondale,CONDEMNATION,830,770,FRED SHUTTLESWORTH CIR          ,FINLNOTC,CBHCODE ,N ,770 N FRED SHUTTLESWORTH CIR,VACANT  ,N,1405154,426648,011200010001      ",,731 N FRED SHUTTLESWORTH CIR,830,Avondale,N CONDEMNATION,"770 N FRED SHUTTLESWORTH CIRCincinnati, OHIO(39.15392961219817, -84.48676953866794)",PREPROS ,CBHCODE ,VACANT  ,N,1405154,426648,"011200010001      
Avondale,KEEP THE BUILDING VACANT,830,784,FRED SHUTTLESWORTH CIR          ,ORDERS  ,CBHCODE ,N ,784 N FRED SHUTTLESWORTH CIR,VACANT  ,N,1405320,426577,011100050019      ",,770 N FRED SHUTTLESWORTH CIR,830,Avondale,N KEEP THE BUILDING VACANT,"784 N FRED SHUTTLESWORTH CIRCincinnati, OHIO(39.15377672745319, -84.48646376917799)",ORDERS  ,CBHCODE ,VACANT  ,N,1405320,426577,"011100050019      
Avondale,KEEP THE BUILDING VACANT,830,800,FRED SHUTTLESWORTH CIR          ,CIVIL2  ,CBHCODE ,N ,800 N FRED SHUTTLESWORTH CIR,VACANT  ,N,1405410,426401,011100050018      ",,784 N FRED SHUTTLESWORTH CIR,830,Avondale,N KEEP THE BUILDING VACANT,"680 S FRED SHUTTLESWORTH CIRCincinnati, OHIO(39.15249069695125, -84.49121218949267)",ORDERS  ,CBHCODE ,VACANT  ,N,1403910,426043,"011200030023      
Avondale,KEEP THE BUILDING VACANT,830,725,FRED SHUTTLESWORTH CIR          ,FINLNOTC,CBHCODE ,S ,725 S FRED SHUTTLESWORTH CIR,VACANT  ,N,1404420,425585,011200040013      ",,680 S FRED SHUTTLESWORTH CIR,830,Avondale,S KEEP THE BUILDING VACANT,"736 S FRED SHUTTLESWORTH CIRCincinnati, OHIO(39.15184483652183, -84.48874679427395)",FINLNOTC,CBHCODE ,VACANT  ,N,1404660,425839,"011200010054      Avondale,KEEP THE BUILDING VACANT,810,811,FRED SHUTTLESWORTH CIR          ,PREPROS ,CBHCODE ,S ,811 S FRED SHUTTLESWORTH CIR,VACANT  ,N,1405260,424991,010800040032      ",,736 S FRED SHUTTLESWORTH CIR,830,Avondale,S KEEP THE BUILDING VACANT,"722 GHOLSON AVCincinnati, OHIO(39.14892938171522, -84.48930562679055)",ORDERS  ,CBHCODE ,VACANT  ,N,1404454,424760,"011200040027      Avondale,KEEP THE BUILDING VACANT,830,722,GHOLSON AV                      ,ORDERS  ,CBHCODE ,  ,722 GHOLSON AV,VACANT  ,N,1404454,424760,011200040027      ",,722 GHOLSON AV,830,Avondale,CONDEMNATION,"20 GLEN ESTE PLCincinnati, OHIO(39.15481994100713, -84.50490886399893)",HAZARD  ,CBHCODE ,VACANT  ,N,1400014,426953,"021600390051      Avondale,KEEP THE BUILDING VACANT,850,105,GLENRIDGE PL                    ,PREPROS ,CBHCODE ,  ,105 GLENRIDGE PL,VACANT  ,N,1400551,426857,021600390259      ",,20 GLEN ESTE PL,850,Avondale,KEEP THE BUILDING VACANT,"71 GLENWOOD AVCincinnati, OHIO(39.15526060880154, -84.50280445045036)",ORDERS  ,CBHCODE ,VACANT  ,N,1400565,427006,"021600390241      Avondale,KEEP THE BUILDING VACANT,850,313,GLENWOOD AV                     ,PREPROS ,CBHCODE ,  ,313 GLENWOOD AV,VACANT  ,N,1401183,425835,021600390273      ",,71 GLENWOOD AV,850,Avondale,KEEP THE BUILDING VACANT,"417 GLENWOOD AVCincinnati, OHIO(39.15169274235766, -84.49915359348454)",PREPROS ,CBHCODE ,VACANT  ,N,1401628,425615,"011300030112      Avondale,CONDEMNATION,830,531,GLENWOOD AV                     ,HAZARD  ,CBHCODE ,  ,531 GLENWOOD AV,VACANT  ,N,1402169,424702,011300020063      ",,417 GLENWOOD AV,850,Avondale,KEEP THE BUILDING VACANT,"533 GLENWOOD AVCincinnati, OHIO(39.148902402054375, -84.4969228843787)",CIVIL1  ,CBHCODE ,VACANT  ,N,1402169,424660,"011300020058      Avondale,CONDEMNATION,830,656,GLENWOOD AV                     ,HAZARD  ,CBHCODE ,  ,656 GLENWOOD AV,VACANT  ,N,1403590,424472,011200060005      ",,533 GLENWOOD AV,830,Avondale,CONDEMNATION,"673 GLENWOOD AVCincinnati, OHIO(39.14800308002509, -84.49148198610146)",FINLNOTC,CBHCODE ,VACANT  ,N,1403738,424273,"011200050032      Avondale,KEEP THE BUILDING VACANT,830,673,GLENWOOD AV                     ,CIVIL2  ,CBHCODE ,  ,673 GLENWOOD AV,VACANT  ,N,1403738,424273,011200050032      ",,673 GLENWOOD AV,830,Avondale,CONDEMNATION,"674 GLENWOOD AVCincinnati, OHIO(39.14805703934684, -84.4914729928812)",FINLNOTC,CBHCODE ,VACANT  ,N,1403782,424415,"011200050027      Avondale,CONDEMNATION,830,684,GLENWOOD AV                     ,ORDERS  ,CBHCODE ,  ,684 GLENWOOD AV,VACANT  ,N,1403929,424414,011200050024      ",,674 GLENWOOD AV,830,Avondale,CONDEMNATION,"689 GLENWOOD AVCincinnati, OHIO(39.14788616816128, -84.49079850135922)",ORDERS  ,CBHCODE ,VACANT  ,N,1403930,424218,"011200050036      Avondale,CONDEMNATION,830,689,GLENWOOD AV                     ,PREPROS ,CBHCODE ,  ,689 GLENWOOD AV,VACANT  ,N,1403930,424218,011200050036      ",,689 GLENWOOD AV,830,Avondale,CONDEMNATION,"708 GREENWOOD AVCincinnati, OHIO(39.15312921559206, -84.48893690475853)",HAZARD  ,CBHCODE ,VACANT  ,N,1404560,426345,"011200010050      Avondale,CONDEMNATION,830,708,GREENWOOD AV                    ,ORDERS  ,CBHCODE ,  ,708 GREENWOOD AV,VACANT  ,N,1404538,426256,011200010051      ",,708 GREENWOOD AV,830,Avondale,KEEP THE BUILDING VACANT,"716 GREENWOOD AVCincinnati, OHIO(39.15311122915148, -84.48856818272651)",CIVIL1  ,CBHCODE ,VACANT  ,N,1404638,426260,"011200010022      Avondale,CONDEMNATION,830,743,GREENWOOD AV                    ,HAZARD  ,CBHCODE ,  ,743 GREENWOOD AV,VACANT  ,N,1404791,426068,011100050063      ",,716 GREENWOOD AV,830,Avondale,CONDEMNATION,"747 GREENWOOD AVCincinnati, OHIO(39.152823446102104, -84.48749798951167)",HAZARD  ,CBHCODE ,VACANT  ,N,1404833,426023,"011100050062      Avondale,KEEP THE BUILDING VACANT,830,754,GREENWOOD AV                    ,FINLNOTC,CBHCODE ,  ,754 GREENWOOD AV,VACANT  ,N,1405111,426074,011100050039      ",,747 GREENWOOD AV,830,Avondale,VACATE THE BUILDING,"756 GREENWOOD AVCincinnati, OHIO(39.15251767661215, -84.48697638273467)",PREPROS ,CBHCODE ,VACANT  ,N,1405161,426053,"011100050038      Avondale,KEEP THE BUILDING VACANT,830,756,GREENWOOD AV                    ,PREPROS ,CBHCODE ,  ,756 GREENWOOD AV,VACANT  ,N,1405161,426053,011100050038      ",,756 GREENWOOD AV,830,Avondale,CONDEMNATION,"534 HALE AVCincinnati, OHIO(39.1403678359963, -84.49650020302494)",CIVIL1  ,CBHCODE ,VACANT  ,N,1402293,421667,"010600030016      Avondale,KEEP THE BUILDING VACANT,820,569,HALE AV                         ,DIVERSN ,CBHCODE ,  ,569 HALE AV,VACANT  ,N,1402758,421461,010600030053      ",,534 HALE AV,820,Avondale,CONDEMNATION,"570 HALE AVCincinnati, OHIO(39.14029589023397, -84.49467457930547)",HAZARD  ,CBHCODE ,VACANT  ,N,1402800,421627,"010600030023      Avondale,CONDEMNATION,820,571,HALE AV                         ,HAZARD  ,CBHCODE ,  ,571 HALE AV,VACANT  ,N,1402805,421456,010600030028      ",,570 HALE AV,820,Avondale,CONDEMNATION,"577 HALE AVCincinnati, OHIO(39.14022394447164, -84.49426988439228)",HAZARD  ,CBHCODE ,VACANT  ,N,1402888,421449,"010600030027      Avondale,CONDEMNATION,820,580,HALE AV                         ,HAZARD  ,CBHCODE ,  ,580 HALE AV,VACANT  ,N,1402960,421625,010600030115      ",,577 HALE AV,820,Avondale,KEEP THE BUILDING VACANT,"3429 HALLWOOD PLCincinnati, OHIO(39.14125816480532, -84.49690489793812)",CIVIL1  ,CBHCODE ,VACANT  ,N,1402113,421922,"010600030009      Avondale,CONDEMNATION,820,3464,HALLWOOD PL                     ,HAZARD  ,CBHCODE ,  ,3464 HALLWOOD PL,VACANT  ,N,1402285,422305,010700080063      ",,3429 HALLWOOD PL,820,Avondale,CONDEMNATION,"3417 HARTFORD PLCincinnati, OHIO(39.14125696748313, -84.48976773165538)",CIVIL1  ,CBHCODE ,VACANT  ,N,1404166,422053,"010700100086      Avondale,KEEP THE BUILDING VACANT,820,3242,HARVEY AV                       ,ORDERS  ,CBHCODE ,  ,3242 HARVEY AV,VACANT  ,N,1401834,421250,010600030041      ",,3417 HARTFORD PL,820,Avondale,KEEP THE BUILDING VACANT,"3402 HARVEY AVCincinnati, OHIO(39.140826490231234, -84.49820891488065)",CIVIL1  ,CBHCODE ,VACANT  ,N,1401881,421779,"010600030004      Avondale,CONDEMNATION,850,3562,HAVEN ST                        ,PREPROS ,CBHCODE ,  ,3562 HAVEN ST,VACANT  ,N,1399918,424339,021600440076      ",,3402 HARVEY AV,820,Avondale,CONDEMNATION,"204 HEARNE AVCincinnati, OHIO(39.143209693608924, -84.50525060637005)",ORDERS  ,CBHCODE ,VACANT  ,N,1399829,422760,"011300050061      Avondale,CONDEMNATION,850,217,HEARNE AV                       ,CIVIL1  ,CBHCODE ,  ,217 HEARNE AV,VACANT  ,N,1399956,422559,011300050071      ",,204 HEARNE AV,850,Avondale,CONDEMNATION,"250 HEARNE AVCincinnati, OHIO(39.14307479530453, -84.50328109112587)",ORDERS  ,CBHCODE ,VACANT  ,N,1400382,422693,"011300050148      Avondale,KEEP THE BUILDING VACANT,850,250,HEARNE AV                       ,CRIMPREP,CBHCODE ,  ,250 HEARNE AV,VACANT  ,N,1400382,422693,011300050148      ",,250 HEARNE AV,850,Avondale,KEEP THE BUILDING VACANT,"304 HEARNE AVCincinnati, OHIO(39.14303882242331, -84.50265156570538)",ORDERS  ,CBHCODE ,VACANT  ,N,1400546,422686,"011300040061      Avondale,KEEP THE BUILDING VACANT,420,515,HICKMAN AV                      ,ORDERS  ,CBHCODE ,  ,515 HICKMAN AV,VACANT  ,N,1401933,420522,010600020138      ",,304 HEARNE AV,850,Avondale,KEEP THE BUILDING VACANT,"520 HICKMAN AVCincinnati, OHIO(39.137588930925745, -84.49737254539338)",ORDERS  ,CBHCODE ,VACANT  ,N,1402015,420661,"010600020123      Avondale,KEEP THE BUILDING VACANT,420,533,HICKMAN AV                      ,ORDERS  ,CBHCODE ,  ,533 HICKMAN AV,VACANT  ,N,1402104,420484,010600020142      ",,520 HICKMAN AV,420,Avondale,CONDEMNATION,"533 HICKMAN AVCincinnati, OHIO(39.137516985163415, -84.49700382336135)",ORDERS  ,CBHCODE ,VACANT  ,N,1402104,420484,"010600020142      Avondale,CONDEMNATION,810,819,HUTCHINS AV                     ,ORDERS  ,CBHCODE ,  ,819 HUTCHINS AV,VACANT  ,N,1404387,423187,010700100006      ",,533 HICKMAN AV,420,Avondale,CONDEMNATION,"825 HUTCHINS AVCincinnati, OHIO(39.14502632410807, -84.48855918950625)",HAZARD  ,CBHCODE ,VACANT  ,N,1404543,423173,"010700110001      Avondale,KEEP THE BUILDING VACANT,810,838,HUTCHINS AV                     ,CIVIL1  ,CBHCODE ,  ,838 HUTCHINS AV,VACANT  ,N,1404841,423336,010800010095      ",,825 HUTCHINS AV,810,Avondale,CONDEMNATION,"848 HUTCHINS AVCincinnati, OHIO(39.14501733088781, -84.48689544375202)",CRIMPREP,CBHCODE ,VACANT  ,N,1405040,423308,"010800010099      Avondale,CONDEMNATION,810,848,HUTCHINS AV                     ,FINLNOTC,CBHCODE ,  ,848 HUTCHINS AV,VACANT  ,N,1405040,423308,010800010099      ",,848 HUTCHINS AV,810,Avondale,KEEP THE BUILDING VACANT,"859 HUTCHINS AVCincinnati, OHIO(39.14490941224426, -84.48569035223278)",CIVIL1  ,CBHCODE ,VACANT  ,N,1405375,423121,"010700110017      Avondale,CONDEMNATION,850,3569,IRVING ST                       ,FINLNOTC,CBHCODE ,  ,3569 IRVING ST,VACANT  ,N,1399088,424757,021600470106      ",,859 HUTCHINS AV,810,Avondale,CONDEMNATION,"3571 IRVING STCincinnati, OHIO(39.14888441561379, -84.50784065381441)",HAZARD  ,CBHCODE ,VACANT  ,N,1399089,424782,"021600470108      Avondale,CONDEMNATION,850,3573,IRVING ST                       ,FINLNOTC,CBHCODE ,  ,3573 IRVING ST,VACANT  ,N,1399099,424801,021600470109      ",,3571 IRVING ST,850,Avondale,CONDEMNATION,"863 LEXINGTON AVCincinnati, OHIO(39.14593463935768, -84.48702134883615)",CIVIL1  ,CBHCODE ,VACANT  ,N,1405007,423480,"010800010071      Avondale,CONDEMNATION,810,866,LEXINGTON AV                    ,PREPROS ,CBHCODE ,  ,866 LEXINGTON AV,VACANT  ,N,1405030,423784,010800010127      ",,863 LEXINGTON AV,810,Avondale,KEEP THE BUILDING VACANT,"873 LEXINGTON AVCincinnati, OHIO(39.145916652917094, -84.48667061324471)",CIVIL1  ,CBHCODE ,VACANT  ,N,1405111,423478,"010800010073      Avondale,KEEP THE BUILDING VACANT,810,876,LEXINGTON AV                    ,FINLNOTC,CBHCODE ,  ,876 LEXINGTON AV,VACANT  ,N,1405221,423627,010800010049      ",,873 LEXINGTON AV,810,Avondale,KEEP THE BUILDING VACANT,"880 LEXINGTON AVCincinnati, OHIO(39.145943632577996, -84.48614001324745)",CIVIL1  ,CBHCODE ,VACANT  ,N,1405265,423627,"010800010050      Avondale,CONDEMNATION,810,911,LEXINGTON AV                    ,FINLNOTC,CBHCODE ,  ,911 LEXINGTON AV,VACANT  ,N,1405657,423443,010800020020      ",,880 LEXINGTON AV,810,Avondale,KEEP THE BUILDING VACANT,"918 LEXINGTON AVCincinnati, OHIO(39.14588068003593, -84.48419747766411)",CIVIL1  ,CBHCODE ,VACANT  ,N,1405814,423589,"010800020008      Avondale,KEEP THE BUILDING VACANT,420,620,LINCOLN AV                      ,CIVIL2  ,CBHCODE ,  ,620 LINCOLN AV,VACANT  ,N,1402345,418940,009100020104      ",,918 LEXINGTON AV,810,Avondale,CONDEMNATION,"624 LINCOLN AVCincinnati, OHIO(39.132876483492225, -84.49591564370593)",FINLNOTC,CBHCODE ,VACANT  ,N,1402390,418925,"009100020105      Avondale,CONDEMNATION,420,634,LINCOLN AV                      ,FINLNOTC,CBHCODE ,  ,634 LINCOLN AV,VACANT  ,N,1402543,418915,009100020109      ",,624 LINCOLN AV,420,Avondale,KEEP THE BUILDING VACANT,"3548 LOSSING STCincinnati, OHIO(39.1494689749328, -84.50946842668748)",CIVIL1  ,CBHCODE ,VACANT  ,N,1398741,425010,"021600470028      Avondale,CONDEMNATION,850,3556,LOSSING ST                      ,HAZARD  ,CBHCODE ,  ,3556 LOSSING ST,VACANT  ,N,1398761,425116,021600470026      ",,3548 LOSSING ST,850,Avondale,CONDEMNATION,"3584 LOSSING STCincinnati, OHIO(39.150737018994164, -84.50917165041778)",HAZARD  ,CBHCODE ,VACANT  ,N,1398837,425459,"021600470019      Avondale,CONDEMNATION,820,515,MAPLE AV                        ,HAZARD  ,CBHCODE ,  ,515 MAPLE AV,VACANT  ,N,1402063,422353,010700070025      ",,3584 LOSSING ST,850,Avondale,CONDEMNATION,"522 MAPLE AVCincinnati, OHIO(39.142580168188374, -84.49688691149754)",HAZARD  ,CBHCODE ,VACANT  ,N,1402200,422447,"010700070144      Avondale,CONDEMNATION,820,551,MAPLE AV                        ,HAZARD  ,CBHCODE ,  ,551 MAPLE AV,VACANT  ,N,1402384,422330,010700080136      ",,522 MAPLE AV,820,Avondale,KEEP THE BUILDING VACANT,"615 MAPLE AVCincinnati, OHIO(39.14200460208963, -84.49371230473412)",CIVIL1  ,CBHCODE ,VACANT  ,N,1403050,422113,"010700080080      Avondale,KEEP THE BUILDING VACANT,850,219,NORTHERN AV                     ,CIVIL1  ,CBHCODE ,  ,219 NORTHERN AV,VACANT  ,N,1400057,422898,011300050032      ",,615 MAPLE AV,820,Avondale,CONDEMNATION,"327 NORTHERN AVCincinnati, OHIO(39.14384821224968, -84.50150043350789)",CRIMPREP,CBHCODE ,VACANT  ,N,1400879,422824,"011300040039      Avondale,VACATE THE BUILDING,850,327,NORTHERN AV                     ,ORDERS  ,CBHCODE ,  ,327 NORTHERN AV,VACANT  ,N,1400879,422824,011300040039      ",,327 NORTHERN AV,850,Avondale,KEEP THE BUILDING VACANT,"327 NORTHERN AVCincinnati, OHIO(39.14384821224968, -84.50150043350789)",ORDERS  ,CBHCODE ,VACANT  ,N,1400879,422824,"011300040039      Avondale,KEEP THE BUILDING VACANT,820,512,PROSPECT PL                     ,CRIMINAC,CBHCODE ,  ,512 PROSPECT PL,VACANT  ,N,1402091,422742,010700070004      ",,327 NORTHERN AV,850,Avondale,CONDEMNATION,"531 PROSPECT PLCincinnati, OHIO(39.143128754626275, -84.4962034267553)",HAZARD  ,CBHCODE ,VACANT  ,N,1402378,422528,"010700080114      Avondale,CONDEMNATION,820,535,PROSPECT PL                     ,HAZARD  ,CBHCODE ,  ,535 PROSPECT PL,VACANT  ,N,1402423,422532,010700080112      ",,531 PROSPECT PL,820,Avondale,KEEP THE BUILDING VACANT ,"3136 READING RDCincinnati, OHIO(39.13609605635713, -84.49663510132933)",PREPROS ,CBHCODEC,VACANT  ,N,1402286,420020,"010500010036      Avondale,CONDEMNATION,420,3139,READING RD                      ,HAZARD  ,CBHCODE ,  ,3139 READING RD,VACANT  ,N,1402158,420163,010600010047      ",,3136 READING RD,420,Avondale,KEEP THE BUILDING VACANT,"3309 READING RDCincinnati, OHIO(39.1386680546159, -84.49502179980388)",PREPROS ,CBHCODE ,VACANT  ,N,1402627,420980,"010600030108      Avondale,CONDEMNATION,820,3341,READING RD                      ,FINLNOTC,CBHCODE ,  ,3341 READING RD,VACANT  ,N,1402850,421293,010600030057      ",,3309 READING RD,820,Avondale,CONDEMNATION,"3559 READING RDCincinnati, OHIO(39.14647423257526, -84.48971931492406)",HAZARD  ,CBHCODE ,VACANT  ,N,1404178,423849,"011200050068      Avondale,CONDEMNATION,830,3563,READING RD                      ,HAZARD  ,CBHCODE ,  ,3563 READING RD,VACANT  ,N,1404200,423899,011200050067      ",,3559 READING RD,830,Avondale,KEEP THE BUILDING VACANT,"3569 READING RDCincinnati, OHIO(39.146797988505796, -84.4895214640776)",PREPROS ,CBHCODE ,VACANT  ,N,1404221,423944,"011200050066      Avondale,CONDEMNATION,810,3636,READING RD                      ,ORDERS  ,CBHCODE ,  ,3636 READING RD,VACANT  ,N,1404879,424778,010800040010      ",,3569 READING RD,830,Avondale,CONDEMNATION,"3636 READING RDCincinnati, OHIO(39.14935206306899, -84.48790268442485)",CIVIL1  ,CBHCODE ,VACANT  ,N,1404879,424778,"010800040010      Avondale,VACATE THE BUILDING,830,3637,READING RD                      ,ORDERS  ,CBHCODE ,  ,3637 READING RD,VACANT  ,N,1404631,424819,011200040024      ",,3636 READING RD,810,Avondale,CONDEMNATION,"3638 READING RDCincinnati, OHIO(39.149424008831375, -84.48785771832337)",CIVIL2  ,CBHCODE ,VACANT  ,N,1404902,424825,"010800040009      Avondale,CONDEMNATION,830,3643,READING RD                      ,ORDERS  ,CBHCODE ,  ,3643 READING RD,VACANT  ,N,1404678,424908,011200040023      ",,3638 READING RD,810,Avondale,KEEP THE BUILDING VACANT,"3645 READING RDCincinnati, OHIO(39.149585886796615, -84.48783973188279)",ORDERS  ,CBHCODE ,VACANT  ,N,1404654,424924,"011200040086      Avondale,KEEP THE BUILDING VACANT,830,3651,READING RD                      ,FINLNOTC,CBHCODE ,  ,3651 READING RD,VACANT  ,N,1404719,425019,011200040058      ",,3645 READING RD,830,Avondale,CONDEMNATION,"3725 READING RDCincinnati, OHIO(39.15118668000878, -84.48615799968803)",ORDERS  ,CBHCODE ,VACANT  ,N,1405188,425582,"011100050052      Avondale,KEEP THE BUILDING VACANT,830,3725,READING RD                      ,CRIMINAL,CBHCODE ,  ,3725 READING RD,VACANT  ,N,1405188,425582,011100050052      ",,3725 READING RD,830,Avondale,CONDEMNATION,"524 RIDGEWAY AVCincinnati, OHIO(39.138380334311535, -84.49709375556432)",FINLNOTC,CBHCODE ,VACANT  ,N,1402099,420922,"010600020050      Avondale,CONDEMNATION,820,702,RIDGEWAY AV                     ,CIVIL1  ,CBHCODE ,  ,702 RIDGEWAY AV,VACANT  ,N,1402742,420895,010500020008      ",,524 RIDGEWAY AV,820,Avondale,CONDEMNATION,"717 RIDGEWAY AVCincinnati, OHIO(39.13822744956656, -84.49423391151112)",HAZARD  ,CBHCODE ,VACANT  ,N,1402934,420728,"010500020030      Avondale,CONDEMNATION,420,723,RIDGEWAY AV                     ,HAZARD  ,CBHCODE ,  ,723 RIDGEWAY AV,VACANT  ,N,1402994,420765,010500020028      ",,717 RIDGEWAY AV,420,Avondale,CONDEMNATION,"728 RIDGEWAY AVCincinnati, OHIO(39.138569191937734, -84.49365834541237)",ORDERS  ,CBHCODE ,VACANT  ,N,1403029,420969,"010500020065      Avondale,KEEP THE BUILDING VACANT,820,728,RIDGEWAY AV                     ,CIVIL1  ,CBHCODE ,  ,728 RIDGEWAY AV,VACANT  ,N,1403029,420969,010500020065      ",,728 RIDGEWAY AV,820,Avondale,CONDEMNATION,"764 RIDGEWAY AVCincinnati, OHIO(39.13929764278146, -84.49211151152195)",HAZARD  ,CBHCODE ,VACANT  ,N,1403496,421243,"010500030010      Avondale,KEEP THE BUILDING VACANT,820,770,RIDGEWAY AV                     ,ORDERS  ,CBHCODE ,  ,770 RIDGEWAY AV,VACANT  ,N,1403557,421297,010500030012      ",,764 RIDGEWAY AV,820,Avondale,KEEP THE BUILDING VACANT,"777 RIDGEWAY AVCincinnati, OHIO(39.13959441905109, -84.49135608101739)",PREPROS ,CBHCODE ,VACANT  ,N,1403740,421209,"010500030047      Avondale,KEEP THE BUILDING VACANT,420,807,RIDGEWAY AV                     ,CIVIL1  ,CBHCODE ,  ,807 RIDGEWAY AV,VACANT  ,N,1403913,421257,010500030091      ",,777 RIDGEWAY AV,420,Avondale,KEEP THE BUILDING VACANT,"807 RIDGEWAY AVCincinnati, OHIO(39.13967535803374, -84.49070856915625)",CIVIL1  ,CBHCODE ,VACANT  ,N,1403913,421257,"010500030091      Avondale,KEEP THE BUILDING VACANT,820,839,RIDGEWAY AV                     ,FINLNOTC,CBHCODE ,  ,839 RIDGEWAY AV,VACANT  ,N,1404370,421303,006000030046      ",,807 RIDGEWAY AV,420,Avondale,KEEP THE BUILDING VACANT,"846 RIDGEWAY AVCincinnati, OHIO(39.1400081071846, -84.48878402001355)",CIVIL2  ,CBHCODE ,VACANT  ,N,1404462,421503,"006000030021      Avondale,CONDEMNATION,820,850,RIDGEWAY AV                     ,HAZARD  ,CBHCODE ,  ,850 RIDGEWAY AV,VACANT  ,N,1404544,421501,006000030023      ",,846 RIDGEWAY AV,820,Avondale,CONDEMNATION,"881 RIDGEWAY AVCincinnati, OHIO(39.140484747860114, -84.4865806810418)",HAZARD  ,CBHCODE ,VACANT  ,N,1405145,421576,"006000030036      Avondale,CONDEMNATION,850,338,ROCKDALE AV                     ,HAZARD  ,CBHCODE ,  ,338 ROCKDALE AV,VACANT  ,N,1401048,423497,021600430057      ",,881 RIDGEWAY AV,820,Avondale,KEEP THE BUILDING VACANT,"529 ROCKDALE AVCincinnati, OHIO(39.14480149360077, -84.49630235217853)",DIVERSN ,CBHCODE ,VACANT  ,N,1402360,423087,"011300010063      Avondale,CONDEMNATION,820,529,ROCKDALE AV                     ,PREPROS ,CBHCODE ,  ,529 ROCKDALE AV,VACANT  ,N,1402360,423087,011300010063      ",,529 ROCKDALE AV,820,Avondale,CONDEMNATION,"615 ROCKDALE AVCincinnati, OHIO(39.14464860885579, -84.49448572167933)",CIVIL1  ,CBHCODE ,VACANT  ,N,1402874,423060,"010700090067      Avondale,CONDEMNATION,810,862,ROCKDALE AV                     ,ORDERS  ,CBHCODE ,  ,862 ROCKDALE AV,VACANT  ,N,1404961,422943,010700110033      ",,615 ROCKDALE AV,820,Avondale,CONDEMNATION,"876 ROCKDALE AVCincinnati, OHIO(39.143920158012065, -84.4861939725692)",CIVIL1  ,CBHCODE ,VACANT  ,N,1405234,422893,"010700110074      Avondale,CONDEMNATION,820,877,ROCKDALE AV                     ,FINLNOTC,CBHCODE ,  ,877 ROCKDALE AV,VACANT  ,N,1405133,422779,010700110064      ",,876 ROCKDALE AV,810,Avondale,KEEP THE BUILDING VACANT,"877 ROCKDALE AVCincinnati, OHIO(39.14389317835116, -84.48648175561857)",CIVIL1  ,CBHCODE ,VACANT  ,N,1405133,422779,"010700110064      Avondale,CONDEMNATION,420,3132,SAVOY PL                        ,HAZARD  ,CBHCODE ,  ,3132 SAVOY PL,VACANT  ,N,1402541,419923,010500010048      ",,877 ROCKDALE AV,820,Avondale,KEEP THE BUILDING VACANT,"544 STEWART PLCincinnati, OHIO(39.13929764278146, -84.49590665048561)",CIVIL1  ,CBHCODE ,VACANT  ,N,1402440,421269,"010600030059      Avondale,CONDEMNATION,420,616,UNION ST                        ,FINLNOTC,CBHCODE ,  ,616 UNION ST,VACANT  ,N,1402443,420028,010500010028      ",,544 STEWART PL,820,Avondale,KEEP THE BUILDING VACANT,"626 UNION STCincinnati, OHIO(39.13590719873099, -84.49538504370861)",ORDERS  ,CBHCODE ,VACANT  ,N,1402561,420016,"010500010023      Avondale,CONDEMNATION,830,3546,VAN ANTWERP PL                  ,CRIMINAL,CBHCODE ,  ,3546 VAN ANTWERP PL,VACANT  ,N,1403260,423827,011200060016      ",,626 UNION ST,420,Avondale,KEEP THE BUILDING VACANT,"3565 VAN ANTWERP PLCincinnati, OHIO(39.14719369019872, -84.49376626405586)",ORDERS  ,CBHCODE ,VACANT  ,N,1403060,424033,"011200060047      Avondale,CONDEMNATION,420,3123,VAN BUREN AV                    ,HAZARD  ,CBHCODE ,  ,3123 VAN BUREN AV,VACANT  ,N,1402972,419771,010500010101      ",,3565 VAN ANTWERP PL,830,Avondale,CONDEMNATION,"3151 VAN BUREN AVCincinnati, OHIO(39.13627592076301, -84.49377525727618)",HAZARD  ,CBHCODE ,VACANT  ,N,1402963,420140,"010500010106      Avondale,CONDEMNATION,420,3155,VAN BUREN AV                    ,CIVIL1  ,CBHCODE ,  ,3155 VAN BUREN AV,VACANT  ,N,1402963,420213,010500010111      ",,3151 VAN BUREN AV,420,Avondale,CONDEMNATION,"3160 VAN BUREN AVCincinnati, OHIO(39.13661766313413, -84.49373928439502)",CIVIL1  ,CBHCODE ,VACANT  ,N,1403082,420213,"010500010205      Avondale,KEEP THE BUILDING VACANT,850,3534,VINE ST                         ,PREPROS ,CBHCODE ,  ,3534 VINE ST,VACANT  ,N,1397651,423898,021600420006      ",,3160 VAN BUREN AV,420,Avondale,CONDEMNATION,"3562 VINE STCincinnati, OHIO(39.14738254782486, -84.51268799955238)",CIVIL1  ,CBHCODE ,VACANT  ,N,1397816,424234,"021600480027      Avondale,KEEP THE BUILDING VACANT,850,3762,VINE ST                         ,CIVIL2  ,CBHCODE ,  ,3762 VINE ST,VACANT  ,N,1399351,426213,021600460086      ",,3562 VINE ST,850,Avondale,CONDEMNATION,"3784 VINE STCincinnati, OHIO(39.15356089016615, -84.50702227076778)",FINLNOTC,CBHCODE ,VACANT  ,N,1399440,426356,"021600390090      Avondale,KEEP THE BUILDING VACANT,850,3788,VINE ST                         ,CRIMINAL,CBHCODE ,  ,3788 VINE ST,VACANT  ,N,1399490,426439,021600390090      ",,3784 VINE ST,850,Avondale,CONDEMNATION,"3790 VINE STCincinnati, OHIO(39.15392961219817, -84.50674348093867)",FINLNOTC,CBHCODE ,VACANT  ,N,1399520,426498,"021600390089      Avondale,KEEP THE BUILDING VACANT,850,3800,VINE ST                         ,CIVIL2  ,CBHCODE ,  ,3800 VINE ST,VACANT  ,N,1399605,426669,021600390014      ",,3790 VINE ST,850,Avondale,CONDEMNATION,"3560 WASHINGTON AVCincinnati, OHIO(39.14699583935226, -84.49495336913458)",ORDERS  ,CBHCODE ,VACANT  ,N,1402844,424003,"011200060043      Avondale,KEEP THE BUILDING VACANT,830,3560,WASHINGTON AV                   ,FINLNOTC,CBHCODE ,  ,3560 WASHINGTON AV,VACANT  ,N,1402844,424003,011200060043      ",,3560 WASHINGTON AV,830,Avondale,KEEP THE BUILDING VACANT,"3615 WASHINGTON AVCincinnati, OHIO(39.149343069848726, -84.49471055218663)",PREPROS ,CBHCODE ,VACANT  ,N,1402757,424861,"011300030037      Avondale,KEEP THE BUILDING VACANT,850,22,WEST ST                         ,ORDERS  ,CBHCODE ,  ,22 WEST ST,VACANT  ,N,1398113,424366,021600480006      ",,3615 WASHINGTON AV,830,Avondale,KEEP THE BUILDING VACANT,"755 WHITTIER STCincinnati, OHIO(39.13696839872557, -84.4935324403283)",CIVIL1  ,CBHCODE ,VACANT  ,N,1403096,420285,"010500010113      Avondale,CONDEMNATION,850,3477,WILSON AV                       ,CIVIL1  ,CBHCODE ,  ,3477 WILSON AV,VACANT  ,N,1400418,423218,011300050152      ",,755 WHITTIER ST,420,Avondale,KEEP THE BUILDING VACANT,"3556 WILSON AVCincinnati, OHIO(39.14742751392629, -84.50259760638363)",CIVIL1  ,CBHCODE ,VACANT  ,N,1400676,424180,"021600430020      Avondale,CONDEMNATION,820,841,WINDHAM AV                      ,PREPROS ,CBHCODE ,  ,841 WINDHAM AV,VACANT  ,N,1404233,422536,010700100114      ",,3556 WILSON AV,850,Avondale,VACATE THE BUILDING,"3997 BEECHWOOD AVCincinnati, OHIO(39.15715817828334, -84.48382875563215)",CRIMPREP,CBHCODE ,VACANT  ,N,1405925,427568,"011500070008      North Avondale,KEEP THE BUILDING VACANT,800,3997,BEECHWOOD AV                    ,CRIMPREP,CBHCODE ,  ,3997 BEECHWOOD AV,VACANT  ,N,1405925,427568,011500070008      ",,3997 BEECHWOOD AV,800,North Avondale,KEEP THE BUILDING VACANT,"518 CLINTON SPRINGS AVCincinnati, OHIO(39.15618691049167, -84.49484545049103)",FINLNOTC,CBHCODE ,VACANT  ,N,1402891,427468,"011500020047      North Avondale,KEEP THE BUILDING VACANT,860,4219,KESSLER AV                      ,PREPROS ,CBHCODE ,  ,4219 KESSLER AV,VACANT  ,N,1399577,429649,021800570012      ",,518 CLINTON SPRINGS AV,800,North Avondale,KEEP THE BUILDING VACANT,"3970 PARKER PLCincinnati, OHIO(39.15937950369573, -84.49558289455507)",ORDERS  ,CBHCODE ,VACANT  ,N,1402770,428505,"011500030069      North Avondale,KEEP THE BUILDING VACANT,800,4087,VICTORY PKWY                    ,ORDERS  ,CBHCODE ,  ,4087 VICTORY PKWY,VACANT  ,N,1409300,427257,011600040054      ",,3970 PARKER PL,800,North Avondale,KEEP THE BUILDING VACANT,"3944 VINE STCincinnati, OHIO(39.15872299861434, -84.50495383010036)",CIVIL1  ,CBHCODE ,VACANT  ,N,1400086,428344,"011500010122      North Avondale,CONDEMNATION,860,35,WUEST ST                        ,CIVIL1  ,CBHCODE ,  ,35 WUEST ST,VACANT  ,N,1399927,429583,021800570070      ",,3944 VINE ST,830,North Avondale,