NOTATION,DATA_STATUS,COMP_TYPE,STREET_DIRECTION,SUB_TYPE,APPROVED,X_COORD,Y_COORD,PARCEL,Location 1
KEEP THE BUILDING VACANT,ORDERS  ,CBHCODE ,E ,VACANT  ,N,1397028,410585,'008000020179      ,"26
cincinnati, oh
(39.1071299998498, -84.50412999989942)"
KEEP THE BUILDING VACANT,FINLNOTC,CBHCODE ,E ,VACANT  ,N,1397130,410481,'008000020085      ,"35
cincinnati, oh
(39.1071299998498, -84.50412999989942)"
KEEP THE BUILDING VACANT,ORDERS  ,CBHCODE ,W ,VACANT  ,N,1396478,410465,'008100040175      ,"20
cincinnati, oh
(39.1071299998498, -84.50412999989942)"
KEEP THE BUILDING VACANT,ORDERS  ,CBHCODE ,W ,VACANT  ,N,1396391,410458,'008100040171      ,"28
cincinnati, oh
(39.1071299998498, -84.50412999989942)"
KEEP THE BUILDING VACANT,ORDERS  ,CBHCODE ,E ,VACANT  ,N,1397257,411155,'008000010144      ,"110
cincinnati, oh
(39.1071299998498, -84.50412999989942)"
KEEP THE BUILDING VACANT,ORDERS  ,CBHCODE ,W ,VACANT  ,N,1395972,410808,'008100020039      ,"116
cincinnati, oh
(39.1071299998498, -84.50412999989942)"
KEEP THE BUILDING VACANT,ORDERS  ,CBHCODE ,W ,VACANT  ,N,1395954,410805,'008100020040      ,"118
cincinnati, oh
(39.1071299998498, -84.50412999989942)"
KEEP THE BUILDING VACANT,PREPROS ,CBHCODE ,W ,VACANT  ,N,1395461,410738,'008100020237      ,"224
cincinnati, oh
(39.1071299998498, -84.50412999989942)"
CONDEMNATION,CIVIL2  ,CBHCODE ,E ,VACANT  ,N,1396728,411454,'008000010033      ,"10
cincinnati, oh
(39.1071299998498, -84.50412999989942)"
CONDEMNATION,CIVIL2  ,CBHCODE ,E ,VACANT  ,N,1396742,411465,'008000010034      ,"12
cincinnati, oh
(39.1071299998498, -84.50412999989942)"
CONDEMNATION,CIVIL2  ,CBHCODE ,E ,VACANT  ,N,1396766,411469,'008000010035      ,"14
cincinnati, oh
(39.1071299998498, -84.50412999989942)"
KEEP THE BUILDING VACANT,CIVIL1  ,CBHCODE ,E ,VACANT  ,N,1396822,411366,'008000010069      ,"17
cincinnati, oh
(39.1071299998498, -84.50412999989942)"
KEEP THE BUILDING VACANT,FINLNOTC,CBHCODE ,E ,VACANT  ,N,1396857,411493,'008000010045      ,"20
cincinnati, oh
(39.1071299998498, -84.50412999989942)"
KEEP THE BUILDING VACANT,ORDERS  ,CBHCODE ,E ,VACANT  ,N,1396904,411379,'008000010073      ,"25
cincinnati, oh
(39.1071299998498, -84.50412999989942)"
KEEP THE BUILDING VACANT,CRIMINAL,CBHCODE ,E ,VACANT  ,N,1396904,411379,'008000010073      ,"25
cincinnati, oh
(39.1071299998498, -84.50412999989942)"
KEEP THE BUILDING VACANT,ORDERS  ,CBHCODE ,W ,VACANT  ,N,1395896,411233,'008100020316      ,"118
cincinnati, oh
(39.1071299998498, -84.50412999989942)"
KEEP THE BUILDING VACANT,ORDERS  ,CBHCODE ,W ,VACANT  ,N,1395857,411223,'008100020314      ,"122
cincinnati, oh
(39.1071299998498, -84.50412999989942)"
CONDEMNATION,PREPROS ,CBHCODE ,W ,VACANT  ,N,1395831,411222,'008100020381      ,"124
cincinnati, oh
(39.1071299998498, -84.50412999989942)"
KEEP THE BUILDING VACANT ,ORDERS  ,CBHCODEC,  ,VACANT  ,N,1395096,412318,'013300030010      ,"1632
cincinnati, oh
(39.1071299998498, -84.50412999989942)"
KEEP THE BUILDING VACANT,ORDERS  ,CBHCODE ,  ,VACANT  ,N,1397319,411167,'008000010147      ,"1405
cincinnati, oh
(39.1071299998498, -84.50412999989942)"
KEEP THE BUILDING VACANT,ORDERS  ,CBHCODE ,E ,VACANT  ,N,1396382,413433,'009400050133      ,"31
cincinnati, oh
(39.1071299998498, -84.50412999989942)"
KEEP THE BUILDING VACANT,PREPROS ,CBHCODE ,E ,VACANT  ,N,1396492,413449,'009400050109      ,"36
cincinnati, oh
(39.1071299998498, -84.50412999989942)"
CONDEMNATION,ORDERS  ,CBHCODE ,E ,VACANT  ,N,1396509,413428,'009400050110      ,"38
cincinnati, oh
(39.1071299998498, -84.50412999989942)"
KEEP THE BUILDING VACANT,CRIMINAL,CBHCODE ,E ,VACANT  ,N,1396509,413428,'009400050110      ,"38
cincinnati, oh
(39.1071299998498, -84.50412999989942)"
KEEP THE BUILDING VACANT,ORDERS  ,CBHCODE ,E ,VACANT  ,N,1396450,413364,'009400050144      ,"41
cincinnati, oh
(39.1071299998498, -84.50412999989942)"
KEEP THE BUILDING VACANT,CIVIL1  ,CBHCODE ,E ,VACANT  ,N,1396462,413335,'009400050145      ,"43
cincinnati, oh
(39.1071299998498, -84.50412999989942)"
KEEP THE BUILDING VACANT,ORDERS  ,CBHCODE ,E ,VACANT  ,N,1396521,413280,'009400050148      ,"49
cincinnati, oh
(39.1071299998498, -84.50412999989942)"
KEEP THE BUILDING VACANT,ORDERS  ,CBHCODE ,E ,VACANT  ,N,1396539,413234,'009400050150      ,"53
cincinnati, oh
(39.1071299998498, -84.50412999989942)"
CONDEMNATION,PREPROS ,CBHCODE ,E ,VACANT  ,N,1396680,413083,'009400050159      ,"71
cincinnati, oh
(39.1071299998498, -84.50412999989942)"
KEEP THE BUILDING VACANT,PREPROS ,CBHCODE ,E ,VACANT  ,N,1396842,413106,'009400050219      ,"100
cincinnati, oh
(39.1071299998498, -84.50412999989942)"
KEEP THE BUILDING VACANT,ORDERS  ,CBHCODE ,E ,VACANT  ,N,1396932,412788,'009400050270      ,"127
cincinnati, oh
(39.1071299998498, -84.50412999989942)"
KEEP THE BUILDING VACANT,ORDERS  ,CBHCODE ,E ,VACANT  ,N,1396961,412757,'009400050271      ,"129
cincinnati, oh
(39.1071299998498, -84.50412999989942)"
CONDEMNATION,CRIMINAL,CBHCODE ,E ,VACANT  ,N,1397134,412747,'009400050250      ,"142
cincinnati, oh
(39.1071299998498, -84.50412999989942)"
KEEP THE BUILDING VACANT,ORDERS  ,CBHCODE ,E ,VACANT  ,N,1397124,412601,'009400050279      ,"147
cincinnati, oh
(39.1071299998498, -84.50412999989942)"
CONDEMNATION,PREPROS ,CBHCODE ,E ,VACANT  ,N,1397350,412477,'009400070291      ,"214
cincinnati, oh
(39.1071299998498, -84.50412999989942)"
CONDEMNATION,DIVERSN ,CBHCODE ,W ,VACANT  ,N,1395860,414008,'009500030027      ,"105
cincinnati, oh
(39.1071299998498, -84.50412999989942)"
CONDEMNATION,CRIMINAL,CBHCODE ,  ,VACANT  ,N,1397189,411920,'009400070207      ,"112
cincinnati, oh
(39.1071299998498, -84.50412999989942)"
KEEP THE BUILDING VACANT,CRIMINAL,CBHCODE ,W ,VACANT  ,N,1396134,412769,'009400080328      ,"18
cincinnati, oh
(39.1071299998498, -84.50412999989942)"
KEEP THE BUILDING VACANT,ORDERS  ,CBHCODE ,W ,VACANT  ,N,1396039,412722,'009400080308      ,"26
cincinnati, oh
(39.1071299998498, -84.50412999989942)"
KEEP THE BUILDING VACANT,ORDERS  ,CBHCODE ,W ,VACANT  ,N,1395867,412542,'009400080183      ,"103
cincinnati, oh
(39.1071299998498, -84.50412999989942)"
KEEP THE BUILDING VACANT,ORDERS  ,CBHCODE ,W ,VACANT  ,N,1395846,412538,'009400080182      ,"105
cincinnati, oh
(39.1071299998498, -84.50412999989942)"
KEEP THE BUILDING VACANT,ORDERS  ,CBHCODE ,W ,VACANT  ,N,1395784,412523,'009400080178      ,"111
cincinnati, oh
(39.1071299998498, -84.50412999989942)"
KEEP THE BUILDING VACANT,ORDERS  ,CBHCODE ,W ,VACANT  ,N,1395764,412520,'009400080178      ,"113
cincinnati, oh
(39.1071299998498, -84.50412999989942)"
KEEP THE BUILDING VACANT,ORDERS  ,CBHCODE ,W ,VACANT  ,N,1395690,412694,'009400080276      ,"116
cincinnati, oh
(39.1071299998498, -84.50412999989942)"
KEEP THE BUILDING VACANT,ORDERS  ,CBHCODE ,W ,VACANT  ,N,1395620,412682,'009400080251      ,"120
cincinnati, oh
(39.1071299998498, -84.50412999989942)"
KEEP THE BUILDING VACANT,ORDERS  ,CBHCODE ,W ,VACANT  ,N,1395600,412705,'009400080250      ,"122
cincinnati, oh
(39.1071299998498, -84.50412999989942)"
KEEP THE BUILDING VACANT,CRIMINAL,CBHCODE ,W ,VACANT  ,N,1395579,412701,'009400080249      ,"124
cincinnati, oh
(39.1071299998498, -84.50412999989942)"
KEEP THE BUILDING VACANT,ORDERS  ,CBHCODE ,W ,VACANT  ,N,1395532,412700,'009400080247      ,"128
cincinnati, oh
(39.1071299998498, -84.50412999989942)"
KEEP THE BUILDING VACANT,ORDERS  ,CBHCODE ,W ,VACANT  ,N,1395566,412490,'009400080146      ,"129
cincinnati, oh
(39.1071299998498, -84.50412999989942)"
KEEP THE BUILDING VACANT,ORDERS  ,CBHCODE ,W ,VACANT  ,N,1395550,412487,'009400080145      ,"131
cincinnati, oh
(39.1071299998498, -84.50412999989942)"
KEEP THE BUILDING VACANT,ORDERS  ,CBHCODE ,W ,VACANT  ,N,1395528,412483,'009400080144      ,"133
cincinnati, oh
(39.1071299998498, -84.50412999989942)"
KEEP THE BUILDING VACANT,ORDERS  ,CBHCODE ,  ,VACANT  ,N,1396078,409288,'007600010369      ,"1010
cincinnati, oh
(39.1071299998498, -84.50412999989942)"
KEEP THE BUILDING VACANT,FINLNOTC,CBHCODE ,  ,VACANT  ,N,1395691,410748,'008100020264      ,"1401
cincinnati, oh
(39.1071299998498, -84.50412999989942)"
KEEP THE BUILDING VACANT,FINLNOTC,CBHCODE ,  ,VACANT  ,N,1395689,410776,'008100020263      ,"1405
cincinnati, oh
(39.1071299998498, -84.50412999989942)"
KEEP THE BUILDING VACANT,ORDERS  ,CBHCODE ,  ,VACANT  ,N,1395831,410845,'008100020372      ,"1408
cincinnati, oh
(39.1071299998498, -84.50412999989942)"
KEEP THE BUILDING VACANT,CIVIL1  ,CBHCODE ,  ,VACANT  ,N,1395682,410814,'008100020262      ,"1409
cincinnati, oh
(39.1071299998498, -84.50412999989942)"
CONDEMNATION,ORDERS  ,CBHCODE ,  ,VACANT  ,N,1395819,410941,'008100020368      ,"1416
cincinnati, oh
(39.1071299998498, -84.50412999989942)"
KEEP THE BUILDING VACANT,CRIMINAL,CBHCODE ,  ,VACANT  ,N,1395810,410997,'008100020366      ,"1420
cincinnati, oh
(39.1071299998498, -84.50412999989942)"
KEEP THE BUILDING VACANT,ORDERS  ,CBHCODE ,  ,VACANT  ,N,1395810,410997,'008100020366      ,"1420
cincinnati, oh
(39.1071299998498, -84.50412999989942)"
KEEP THE BUILDING VACANT,FINLNOTC,CBHCODE ,  ,VACANT  ,N,1395660,410978,'008100020233      ,"1421
cincinnati, oh
(39.1071299998498, -84.50412999989942)"
KEEP THE BUILDING VACANT,ORDERS  ,CBHCODE ,  ,VACANT  ,N,1395628,411101,'008100020227      ,"1433
cincinnati, oh
(39.1071299998498, -84.50412999989942)"
KEEP THE BUILDING VACANT,CRIMINAL,CBHCODE ,  ,VACANT  ,N,1395558,411548,'008100020167      ,"1527
cincinnati, oh
(39.1071299998498, -84.50412999989942)"
KEEP THE BUILDING VACANT,ORDERS  ,CBHCODE ,  ,VACANT  ,N,1395718,411433,'008100020285      ,"1528
cincinnati, oh
(39.1071299998498, -84.50412999989942)"
KEEP THE BUILDING VACANT,ORDERS  ,CBHCODE ,  ,VACANT  ,N,1395709,411546,'008100020280      ,"1540
cincinnati, oh
(39.1071299998498, -84.50412999989942)"
KEEP THE BUILDING VACANT,CRIMINAL,CBHCODE ,  ,VACANT  ,N,1395707,411595,'008100020278      ,"1546
cincinnati, oh
(39.1071299998498, -84.50412999989942)"
KEEP THE BUILDING VACANT,ORDERS  ,CBHCODE ,  ,VACANT  ,N,1395707,411595,'008100020278      ,"1546
cincinnati, oh
(39.1071299998498, -84.50412999989942)"
KEEP THE BUILDING VACANT,ORDERS  ,CBHCODE ,  ,VACANT  ,N,1395629,411993,'009400080009      ,"1612
cincinnati, oh
(39.1071299998498, -84.50412999989942)"
KEEP THE BUILDING VACANT,ORDERS  ,CBHCODE ,  ,VACANT  ,N,1395606,412029,'009400080011      ,"1616
cincinnati, oh
(39.1071299998498, -84.50412999989942)"
KEEP THE BUILDING VACANT,ORDERS  ,CBHCODE ,  ,VACANT  ,N,1395572,412228,'009400080120      ,"1704
cincinnati, oh
(39.1071299998498, -84.50412999989942)"
CONDEMNATION,CRIMINAL,CBHCODE ,  ,VACANT  ,N,1395580,412293,'009400080123      ,"1710
cincinnati, oh
(39.1071299998498, -84.50412999989942)"
CONDEMNATION,CIVIL1  ,CBHCODE ,  ,VACANT  ,N,1395447,412147,'013300030042      ,"1711
cincinnati, oh
(39.1071299998498, -84.50412999989942)"
CONDEMNATION,PREPROS ,CBHCODE ,  ,VACANT  ,N,1395431,412168,'013300030043      ,"1713
cincinnati, oh
(39.1071299998498, -84.50412999989942)"
KEEP THE BUILDING VACANT,ORDERS  ,CBHCODE ,  ,VACANT  ,N,1395439,412265,'013300030059      ,"1717
cincinnati, oh
(39.1071299998498, -84.50412999989942)"
KEEP THE BUILDING VACANT,ORDERS  ,CBHCODE ,  ,VACANT  ,N,1395530,412416,'009400080129      ,"1722
cincinnati, oh
(39.1071299998498, -84.50412999989942)"
KEEP THE BUILDING VACANT,PREPROS ,CBHCODE ,  ,VACANT  ,N,1395418,412363,'013300030063      ,"1725
cincinnati, oh
(39.1071299998498, -84.50412999989942)"
KEEP THE BUILDING VACANT,CIVIL1  ,CBHCODE ,  ,VACANT  ,N,1395385,412430,'013300030067      ,"1733
cincinnati, oh
(39.1071299998498, -84.50412999989942)"
VACATE THE BUILDING,ORDERS  ,CBHCODE ,  ,VACANT  ,N,1395399,412460,'013300030068      ,"1735
cincinnati, oh
(39.1071299998498, -84.50412999989942)"
KEEP THE BUILDING VACANT,CIVIL1  ,CBHCODE ,  ,VACANT  ,N,1395406,412482,'013300030069      ,"1737
cincinnati, oh
(39.1071299998498, -84.50412999989942)"
KEEP THE BUILDING VACANT,PREPROS ,CBHCODE ,  ,VACANT  ,N,1395369,412649,'013300030111      ,"1807
cincinnati, oh
(39.1071299998498, -84.50412999989942)"
KEEP THE BUILDING VACANT ,PREPROS ,CBHCODEC,  ,VACANT  ,N,1395373,412672,'013300030129      ,"1809
cincinnati, oh
(39.1071299998498, -84.50412999989942)"
KEEP THE BUILDING VACANT,ORDERS  ,CBHCODE ,  ,VACANT  ,N,1395362,412695,'013300030113      ,"1811
cincinnati, oh
(39.1071299998498, -84.50412999989942)"
KEEP THE BUILDING VACANT,ORDERS  ,CBHCODE ,  ,VACANT  ,N,1395322,412787,'013300030117      ,"1819
cincinnati, oh
(39.1071299998498, -84.50412999989942)"
CONDEMNATION,CIVIL1  ,CBHCODE ,  ,VACANT  ,N,1395411,413107,'009600060047      ,"1906
cincinnati, oh
(39.1071299998498, -84.50412999989942)"
KEEP THE BUILDING VACANT,CRIMINAL,CBHCODE ,  ,VACANT  ,N,1395411,413107,'009600060047      ,"1906
cincinnati, oh
(39.1071299998498, -84.50412999989942)"
KEEP THE BUILDING VACANT ,ORDERS  ,CBHCODEC,  ,VACANT  ,N,1395471,413193,'009600060042      ,"1910
cincinnati, oh
(39.1071299998498, -84.50412999989942)"
KEEP THE BUILDING VACANT,ORDERS  ,CBHCODE ,  ,VACANT  ,N,1395260,413280,'009600050113      ,"1923
cincinnati, oh
(39.1071299998498, -84.50412999989942)"
KEEP THE BUILDING VACANT,PREPROS ,CBHCODE ,  ,VACANT  ,N,1396171,413175,'009600060125      ,"6
cincinnati, oh
(39.1071299998498, -84.50412999989942)"
KEEP THE BUILDING VACANT,CRIMINAL,CBHCODE ,  ,VACANT  ,N,1396051,413167,'009600060120      ,"20
cincinnati, oh
(39.1071299998498, -84.50412999989942)"
KEEP THE BUILDING VACANT,ORDERS  ,CBHCODE ,  ,VACANT  ,N,1396025,413160,'009600060119      ,"22
cincinnati, oh
(39.1071299998498, -84.50412999989942)"
KEEP THE BUILDING VACANT,ORDERS  ,CBHCODE ,  ,VACANT  ,N,1395989,413182,'009600060118      ,"24
cincinnati, oh
(39.1071299998498, -84.50412999989942)"
KEEP THE BUILDING VACANT,CRIMINAL,CBHCODE ,  ,VACANT  ,N,1395215,413027,'009600050247      ,"210
cincinnati, oh
(39.1071299998498, -84.50412999989942)"
KEEP THE BUILDING VACANT,CRIMPREP,CBHCODE ,  ,VACANT  ,N,1396630,412930,'009400050285      ,"1706
cincinnati, oh
(39.1071299998498, -84.50412999989942)"
KEEP THE BUILDING VACANT,CIVIL1  ,CBHCODE ,  ,VACANT  ,N,1396330,412326,'009400080369      ,"8
cincinnati, oh
(39.1071299998498, -84.50412999989942)"
CONDEMNATION,PROBATN ,CBHCODE ,  ,VACANT  ,N,1395638,412099,'009400080017      ,"125
cincinnati, oh
(39.1071299998498, -84.50412999989942)"
KEEP THE BUILDING VACANT,PREPROS ,CBHCODE ,  ,VACANT  ,N,1396538,412515,'009400070012      ,"1661
cincinnati, oh
(39.1071299998498, -84.50412999989942)"
KEEP THE BUILDING VACANT,ORDERS  ,CBHCODE ,  ,VACANT  ,N,1395204,413332,'009600050114      ,"205
cincinnati, oh
(39.1071299998498, -84.50412999989942)"
KEEP THE BUILDING VACANT,ORDERS  ,CBHCODE ,  ,VACANT  ,N,1397072,412553,'009400050282      ,"1711
cincinnati, oh
(39.1071299998498, -84.50412999989942)"
KEEP THE BUILDING VACANT,PREPROS ,CBHCODE ,  ,VACANT  ,N,1397238,412688,'009400050257      ,"1805
cincinnati, oh
(39.1071299998498, -84.50412999989942)"
KEEP THE BUILDING VACANT,ORDERS  ,CBHCODE ,W ,VACANT  ,N,1395740,411866,'009400080019      ,"124
cincinnati, oh
(39.1071299998498, -84.50412999989942)"
KEEP THE BUILDING VACANT,PREPROS ,CBHCODE ,W ,VACANT  ,N,1395386,411930,'013300030021      ,"212
cincinnati, oh
(39.1071299998498, -84.50412999989942)"
KEEP THE BUILDING VACANT,ORDERS  ,CBHCODE ,  ,VACANT  ,N,1395163,412742,'013300030098      ,"1818
cincinnati, oh
(39.1071299998498, -84.50412999989942)"
KEEP THE BUILDING VACANT,ORDERS  ,CBHCODE ,  ,VACANT  ,N,1395160,412764,'013300030099      ,"1820
cincinnati, oh
(39.1071299998498, -84.50412999989942)"
KEEP THE BUILDING VACANT ,CRIMPREP,CBHCODEC,  ,VACANT  ,N,1397670,409992,'007500040171      ,"1119
cincinnati, oh
(39.1071299998498, -84.50412999989942)"
KEEP THE BUILDING VACANT ,CRIMPREP,CBHCODEC,  ,VACANT  ,N,1397710,410037,'007500040186      ,"1123
cincinnati, oh
(39.1071299998498, -84.50412999989942)"
KEEP THE BUILDING VACANT ,CRIMPREP,CBHCODEC,  ,VACANT  ,N,1397670,409992,'007500040171      ,"1123
cincinnati, oh
(39.1071299998498, -84.50412999989942)"
KEEP THE BUILDING VACANT,CRIMPREP,CBHCODE ,  ,VACANT  ,N,1397764,410521,'007500040006      ,"1214
cincinnati, oh
(39.1071299998498, -84.50412999989942)"
KEEP THE BUILDING VACANT,CRIMPREP,CBHCODE ,  ,VACANT  ,N,1397776,410539,'007500040007      ,"1216
cincinnati, oh
(39.1071299998498, -84.50412999989942)"
KEEP THE BUILDING VACANT,CRIMINAL,CBHCODE ,E ,VACANT  ,N,1396477,412842,'009400050316      ,"33
cincinnati, oh
(39.1071299998498, -84.50412999989942)"
CONDEMNATION,CRIMINAL,CBHCODE ,E ,VACANT  ,N,1396477,412842,'009400050316      ,"33
cincinnati, oh
(39.1071299998498, -84.50412999989942)"
KEEP THE BUILDING VACANT,ORDERS  ,CBHCODE ,E ,VACANT  ,N,1396690,412592,'009400070064      ,"57
cincinnati, oh
(39.1071299998498, -84.50412999989942)"
KEEP THE BUILDING VACANT,CRIMINAL,CBHCODE ,E ,VACANT  ,N,1396823,412675,'009400050297      ,"60
cincinnati, oh
(39.1071299998498, -84.50412999989942)"
VACATE THE BUILDING,CRIMINAL,CBHCODE ,E ,VACANT  ,N,1397396,411948,'009400070231      ,"154
cincinnati, oh
(39.1071299998498, -84.50412999989942)"
KEEP THE BUILDING VACANT,CRIMINAL,CBHCODE ,E ,VACANT  ,N,1397425,411924,'009400070229      ,"158
cincinnati, oh
(39.1071299998498, -84.50412999989942)"
KEEP THE BUILDING VACANT,ORDERS  ,CBHCODE ,W ,VACANT  ,N,1396170,413205,'009600060124      ,"3
cincinnati, oh
(39.1071299998498, -84.50412999989942)"
KEEP THE BUILDING VACANT,PREPROS ,CBHCODE ,W ,VACANT  ,N,1396063,413292,'009600060112      ,"17
cincinnati, oh
(39.1071299998498, -84.50412999989942)"
KEEP THE BUILDING VACANT,PREPROS ,CBHCODE ,W ,VACANT  ,N,1396063,413292,'009600060112      ,"17
cincinnati, oh
(39.1071299998498, -84.50412999989942)"
KEEP THE BUILDING VACANT,PREPROS ,CBHCODE ,W ,VACANT  ,N,1396080,413451,'009500030047      ,"24
cincinnati, oh
(39.1071299998498, -84.50412999989942)"
VACATE- C.O.REQUIRED,PREPROS ,CBHCODE ,W ,VACANT  ,N,1396080,413451,'009500030047      ,"24
cincinnati, oh
(39.1071299998498, -84.50412999989942)"
CONDEMNATION,CRIMINAL,CBHCODE ,W ,VACANT  ,N,1395836,413509,'009600060126      ,"41
cincinnati, oh
(39.1071299998498, -84.50412999989942)"
CONDEMNATION,CIVIL2  ,CBHCODE ,W ,VACANT  ,N,1395920,413603,'009500030040      ,"42
cincinnati, oh
(39.1071299998498, -84.50412999989942)"
KEEP THE BUILDING VACANT,CIVIL2  ,CBHCODE ,W ,VACANT  ,N,1395890,413637,'009500030062      ,"46
cincinnati, oh
(39.1071299998498, -84.50412999989942)"
CONDEMNATION,HAZARD  ,CBHCODE ,W ,VACANT  ,N,1395121,413964,'009600050163      ,"205
cincinnati, oh
(39.1071299998498, -84.50412999989942)"
KEEP THE BUILDING VACANT,CRIMINAL,CBHCODE ,W ,VACANT  ,N,1395098,413966,'009600050162      ,"207
cincinnati, oh
(39.1071299998498, -84.50412999989942)"
KEEP THE BUILDING VACANT,PREPROS ,CBHCODE ,W ,VACANT  ,N,1394399,414412,'009600040190      ,"270
cincinnati, oh
(39.1071299998498, -84.50412999989942)"
KEEP THE BUILDING VACANT,CRIMINAL,CBHCODE ,W ,VACANT  ,N,1394350,414315,'009600050219      ,"271
cincinnati, oh
(39.1071299998498, -84.50412999989942)"
KEEP THE BUILDING VACANT,CRIMINAL,CBHCODE ,W ,VACANT  ,N,1394262,414342,'009600050223      ,"279
cincinnati, oh
(39.1071299998498, -84.50412999989942)"
CONDEMNATION,CRIMINAL,CBHCODE ,W ,VACANT  ,N,1394262,414342,'009600050223      ,"279
cincinnati, oh
(39.1071299998498, -84.50412999989942)"
KEEP THE BUILDING VACANT,ORDERS  ,CBHCODE ,W ,VACANT  ,N,1394242,414358,'009600050224      ,"281
cincinnati, oh
(39.1071299998498, -84.50412999989942)"
KEEP THE BUILDING VACANT,ORDERS  ,CBHCODE ,W ,VACANT  ,N,1394225,414366,'009600050225      ,"283
cincinnati, oh
(39.1071299998498, -84.50412999989942)"
CONDEMNATION,CIVIL1  ,CBHCODE ,W ,VACANT  ,N,1394130,414474,'009600040216      ,"289
cincinnati, oh
(39.1071299998498, -84.50412999989942)"
CONDEMNATION,CIVIL2  ,CBHCODE ,W ,VACANT  ,N,1394168,414530,'009600040179      ,"290
cincinnati, oh
(39.1071299998498, -84.50412999989942)"
CONDEMNATION,ORDERS  ,CBHCODE ,W ,VACANT  ,N,1393994,414613,'009600040129      ,"306
cincinnati, oh
(39.1071299998498, -84.50412999989942)"
KEEP THE BUILDING VACANT,ORDERS  ,CBHCODE ,W ,VACANT  ,N,1393994,414613,'009600040129      ,"306
cincinnati, oh
(39.1071299998498, -84.50412999989942)"
KEEP THE BUILDING VACANT,PREPROS ,CBHCODE ,W ,VACANT  ,N,1393962,414625,'009600040128      ,"308
cincinnati, oh
(39.1071299998498, -84.50412999989942)"
KEEP THE BUILDING VACANT,ORDERS  ,CBHCODE ,W ,VACANT  ,N,1393959,414668,'009600040127      ,"310
cincinnati, oh
(39.1071299998498, -84.50412999989942)"
KEEP THE BUILDING VACANT,ORDERS  ,CBHCODE ,W ,VACANT  ,N,1393909,414688,'009600040125      ,"316
cincinnati, oh
(39.1071299998498, -84.50412999989942)"
CONDEMNATION,HAZARD  ,CBHCODE ,W ,VACANT  ,N,1393909,414688,'009600040125      ,"316
cincinnati, oh
(39.1071299998498, -84.50412999989942)"
KEEP THE BUILDING VACANT,ORDERS  ,CBHCODE ,  ,VACANT  ,N,1396902,410867,'008000020210      ,"14
cincinnati, oh
(39.1071299998498, -84.50412999989942)"
KEEP THE BUILDING VACANT,FINLNOTC,CBHCODE ,  ,VACANT  ,N,1396959,410743,'008000020190      ,"17
cincinnati, oh
(39.1071299998498, -84.50412999989942)"
KEEP THE BUILDING VACANT,FINLNOTC,CBHCODE ,  ,VACANT  ,N,1396987,410789,'008000020191      ,"21
cincinnati, oh
(39.1071299998498, -84.50412999989942)"
CONDEMNATION,ORDERS  ,CBHCODE ,  ,VACANT  ,N,1397014,410796,'008000020192      ,"23
cincinnati, oh
(39.1071299998498, -84.50412999989942)"
KEEP THE BUILDING VACANT,ORDERS  ,CBHCODE ,  ,VACANT  ,N,1397051,410870,'008000020224      ,"28
cincinnati, oh
(39.1071299998498, -84.50412999989942)"
CONDEMNATION,FINLNOTC,CBHCODE ,  ,VACANT  ,N,1397057,410797,'008000020323      ,"29
cincinnati, oh
(39.1071299998498, -84.50412999989942)"
KEEP THE BUILDING VACANT,ORDERS  ,CBHCODE ,  ,VACANT  ,N,1394060,414425,'009600040213      ,"2011
cincinnati, oh
(39.1071299998498, -84.50412999989942)"
CONDEMNATION,CIVIL1  ,CBHCODE ,  ,VACANT  ,N,1394084,414437,'009600040212      ,"2013
cincinnati, oh
(39.1071299998498, -84.50412999989942)"
KEEP THE BUILDING VACANT,ORDERS  ,CBHCODE ,  ,VACANT  ,N,1394145,414332,'009600050228      ,"2014
cincinnati, oh
(39.1071299998498, -84.50412999989942)"
CONDEMNATION,CIVIL1  ,CBHCODE ,  ,VACANT  ,N,1394141,414446,'009600040216      ,"2019
cincinnati, oh
(39.1071299998498, -84.50412999989942)"
CONDEMNATION,CIVIL1  ,CBHCODE ,  ,VACANT  ,N,1394210,414386,'009600050229      ,"2024
cincinnati, oh
(39.1071299998498, -84.50412999989942)"
CONDEMNATION,DIVERSN ,CBHCODE ,  ,VACANT  ,N,1394951,414337,'009500020040      ,"222
cincinnati, oh
(39.1071299998498, -84.50412999989942)"
CONDEMNATION,ORDERS  ,CBHCODE ,  ,VACANT  ,N,1394951,414337,'009500020040      ,"222
cincinnati, oh
(39.1071299998498, -84.50412999989942)"
CONDEMNATION,PROBATN ,CBHCODE ,  ,VACANT  ,N,1394927,414362,'009500020038      ,"226
cincinnati, oh
(39.1071299998498, -84.50412999989942)"
KEEP THE BUILDING VACANT,CIVIL2  ,CBHCODE ,  ,VACANT  ,N,1394891,414362,'009500020036      ,"228
cincinnati, oh
(39.1071299998498, -84.50412999989942)"
CONDEMNATION,ORDERS  ,CBHCODE ,  ,VACANT  ,N,1394891,414362,'009500020035      ,"228
cincinnati, oh
(39.1071299998498, -84.50412999989942)"
KEEP THE BUILDING VACANT,ORDERS  ,CBHCODE ,  ,VACANT  ,N,1394602,414495,'009600040177      ,"254
cincinnati, oh
(39.1071299998498, -84.50412999989942)"
CONDEMNATION,HAZARD  ,CBHCODE ,  ,VACANT  ,N,1394422,414496,'009600040227      ,"273
cincinnati, oh
(39.1071299998498, -84.50412999989942)"
CONDEMNATION,CIVIL1  ,CBHCODE ,  ,VACANT  ,N,1393984,414825,'009600040112      ,"316
cincinnati, oh
(39.1071299998498, -84.50412999989942)"
KEEP THE BUILDING VACANT,CRIMPREP,CBHCODE ,  ,VACANT  ,N,1396862,411572,'008000010043      ,"1510
cincinnati, oh
(39.1071299998498, -84.50412999989942)"
KEEP THE BUILDING VACANT,FINLNOTC,CBHCODE ,  ,VACANT  ,N,1396862,411589,'008000010042      ,"1512
cincinnati, oh
(39.1071299998498, -84.50412999989942)"
KEEP THE BUILDING VACANT,CRIMINAL,CBHCODE ,  ,VACANT  ,N,1396702,413328,'009400050119      ,"65
cincinnati, oh
(39.1071299998498, -84.50412999989942)"
KEEP THE BUILDING VACANT,FINLNOTC,CBHCODE ,  ,VACANT  ,N,1395958,411326,'008100020338      ,"1508
cincinnati, oh
(39.1071299998498, -84.50412999989942)"
CONDEMNATION,ORDERS  ,CBHCODE ,  ,VACANT  ,N,1395855,411281,'008100020313      ,"1509
cincinnati, oh
(39.1071299998498, -84.50412999989942)"
KEEP THE BUILDING VACANT,PREPROS ,CBHCODE ,  ,VACANT  ,N,1395858,411908,'009400080037      ,"1606
cincinnati, oh
(39.1071299998498, -84.50412999989942)"
KEEP THE BUILDING VACANT,CRIMINAL,CBHCODE ,  ,VACANT  ,N,1395853,411929,'009400080038      ,"1608
cincinnati, oh
(39.1071299998498, -84.50412999989942)"
KEEP THE BUILDING VACANT,ORDERS  ,CBHCODE ,  ,VACANT  ,N,1395853,411929,'009400080038      ,"1608
cincinnati, oh
(39.1071299998498, -84.50412999989942)"
KEEP THE BUILDING VACANT,ORDERS  ,CBHCODE ,  ,VACANT  ,N,1395833,411948,'009400080039      ,"1610
cincinnati, oh
(39.1071299998498, -84.50412999989942)"
KEEP THE BUILDING VACANT,ORDERS  ,CBHCODE ,  ,VACANT  ,N,1395846,411968,'009400080040      ,"1612
cincinnati, oh
(39.1071299998498, -84.50412999989942)"
CONDEMNATION,CRIMINAL,CBHCODE ,  ,VACANT  ,N,1395835,411986,'009400080041      ,"1614
cincinnati, oh
(39.1071299998498, -84.50412999989942)"
KEEP THE BUILDING VACANT,ORDERS  ,CBHCODE ,  ,VACANT  ,N,1395730,411990,'009400080026      ,"1615
cincinnati, oh
(39.1071299998498, -84.50412999989942)"
CONDEMNATION,PREPROS ,CBHCODE ,  ,VACANT  ,N,1395729,412049,'009400080029      ,"1621
cincinnati, oh
(39.1071299998498, -84.50412999989942)"
KEEP THE BUILDING VACANT,ORDERS  ,CBHCODE ,  ,VACANT  ,N,1395723,412071,'009400080030      ,"1623
cincinnati, oh
(39.1071299998498, -84.50412999989942)"
KEEP THE BUILDING VACANT,ORDERS  ,CBHCODE ,  ,VACANT  ,N,1395813,412085,'009400080045      ,"1624
cincinnati, oh
(39.1071299998498, -84.50412999989942)"
KEEP THE BUILDING VACANT,ORDERS  ,CBHCODE ,  ,VACANT  ,N,1395728,412093,'009400080031      ,"1625
cincinnati, oh
(39.1071299998498, -84.50412999989942)"
KEEP THE BUILDING VACANT,PREPROS ,CBHCODE ,  ,VACANT  ,N,1395726,412131,'009400080034      ,"1629
cincinnati, oh
(39.1071299998498, -84.50412999989942)"
KEEP THE BUILDING VACANT,ORDERS  ,CBHCODE ,  ,VACANT  ,N,1395821,412148,'009400080048      ,"1630
cincinnati, oh
(39.1071299998498, -84.50412999989942)"
KEEP THE BUILDING VACANT,PREPROS ,CBHCODE ,  ,VACANT  ,N,1395707,412219,'009400080131      ,"1703
cincinnati, oh
(39.1071299998498, -84.50412999989942)"
KEEP THE BUILDING VACANT,PREPROS ,CBHCODE ,  ,VACANT  ,N,1395709,412239,'009400080132      ,"1705
cincinnati, oh
(39.1071299998498, -84.50412999989942)"
KEEP THE BUILDING VACANT,ORDERS  ,CBHCODE ,  ,VACANT  ,N,1395687,412255,'009400080133      ,"1707
cincinnati, oh
(39.1071299998498, -84.50412999989942)"
KEEP THE BUILDING VACANT,PREPROS ,CBHCODE ,  ,VACANT  ,N,1395772,412433,'009400080162      ,"1720
cincinnati, oh
(39.1071299998498, -84.50412999989942)"
KEEP THE BUILDING VACANT,ORDERS  ,CBHCODE ,  ,VACANT  ,N,1396330,410656,'008100040147      ,"1318
cincinnati, oh
(39.1071299998498, -84.50412999989942)"
KEEP THE BUILDING VACANT,ORDERS  ,CBHCODE ,  ,VACANT  ,N,1396089,410990,'008100020024      ,"1415
cincinnati, oh
(39.1071299998498, -84.50412999989942)"
KEEP THE BUILDING VACANT,ORDERS  ,CBHCODE ,  ,VACANT  ,N,1396113,411049,'008100020022      ,"1419
cincinnati, oh
(39.1071299998498, -84.50412999989942)"
KEEP THE BUILDING VACANT ,FINLNOTC,CBHCODEC,  ,VACANT  ,N,1396084,411167,'008100020017      ,"1429
cincinnati, oh
(39.1071299998498, -84.50412999989942)"
CONDEMNATION,ORDERS  ,CBHCODE ,  ,VACANT  ,N,1396242,411131,'008100040077      ,"1432
cincinnati, oh
(39.1071299998498, -84.50412999989942)"
CONDEMNATION,ORDERS  ,CBHCODE ,  ,VACANT  ,N,1396247,411154,'008100040076      ,"1434
cincinnati, oh
(39.1071299998498, -84.50412999989942)"
KEEP THE BUILDING VACANT,ORDERS  ,CBHCODE ,  ,VACANT  ,N,1396239,411173,'008100040075      ,"1436
cincinnati, oh
(39.1071299998498, -84.50412999989942)"
KEEP THE BUILDING VACANT,ORDERS  ,CBHCODE ,  ,VACANT  ,N,1396243,411197,'008100040074      ,"1438
cincinnati, oh
(39.1071299998498, -84.50412999989942)"
KEEP THE BUILDING VACANT,ORDERS  ,CBHCODE ,  ,VACANT  ,N,1396087,411281,'008100020357      ,"1505
cincinnati, oh
(39.1071299998498, -84.50412999989942)"
CONDEMNATION,FINLNOTC,CBHCODE ,  ,VACANT  ,N,1396217,411349,'008100040013      ,"1508
cincinnati, oh
(39.1071299998498, -84.50412999989942)"
KEEP THE BUILDING VACANT,ORDERS  ,CBHCODE ,  ,VACANT  ,N,1396034,411456,'008100020343      ,"1523
cincinnati, oh
(39.1071299998498, -84.50412999989942)"
KEEP THE BUILDING VACANT,ORDERS  ,CBHCODE ,  ,VACANT  ,N,1396031,411477,'008100020342      ,"1525
cincinnati, oh
(39.1071299998498, -84.50412999989942)"
KEEP THE BUILDING VACANT,ORDERS  ,CBHCODE ,  ,VACANT  ,N,1395970,411840,'009400080049      ,"1601
cincinnati, oh
(39.1071299998498, -84.50412999989942)"
KEEP THE BUILDING VACANT,CRIMINAL,CBHCODE ,  ,VACANT  ,N,1395956,411920,'009400080052      ,"1611
cincinnati, oh
(39.1071299998498, -84.50412999989942)"
KEEP THE BUILDING VACANT,ORDERS  ,CBHCODE ,  ,VACANT  ,N,1395953,412101,'009400080058      ,"1629
cincinnati, oh
(39.1071299998498, -84.50412999989942)"
CONDEMNATION - HISTORIC DIST,CIVIL1  ,CBHCODE ,  ,VACANT  ,N,1395900,412235,'009400080164      ,"1701
cincinnati, oh
(39.1071299998498, -84.50412999989942)"
KEEP THE BUILDING VACANT,PREPROS ,CBHCODE ,  ,VACANT  ,N,1395889,412310,'009400080167      ,"1707
cincinnati, oh
(39.1071299998498, -84.50412999989942)"
KEEP THE BUILDING VACANT,CRIMINAL,CBHCODE ,  ,VACANT  ,N,1395889,412333,'009400080168      ,"1709
cincinnati, oh
(39.1071299998498, -84.50412999989942)"
KEEP THE BUILDING VACANT,ORDERS  ,CBHCODE ,  ,VACANT  ,N,1395992,412725,'009400080308      ,"1800
cincinnati, oh
(39.1071299998498, -84.50412999989942)"
KEEP THE BUILDING VACANT,ORDERS  ,CBHCODE ,  ,VACANT  ,N,1395962,412750,'009400080309      ,"1804
cincinnati, oh
(39.1071299998498, -84.50412999989942)"
KEEP THE BUILDING VACANT,PREPROS ,CBHCODE ,  ,VACANT  ,N,1395980,412784,'009400080310      ,"1808
cincinnati, oh
(39.1071299998498, -84.50412999989942)"
KEEP THE BUILDING VACANT,ORDERS  ,CBHCODE ,  ,VACANT  ,N,1395947,412800,'009400080311      ,"1810
cincinnati, oh
(39.1071299998498, -84.50412999989942)"
KEEP THE BUILDING VACANT,ORDERS  ,CBHCODE ,  ,VACANT  ,N,1395962,412884,'009400080315      ,"1818
cincinnati, oh
(39.1071299998498, -84.50412999989942)"
CONDEMNATION,PREPROS ,CBHCODE ,  ,VACANT  ,N,1395804,413577,'009600060092      ,"1942
cincinnati, oh
(39.1071299998498, -84.50412999989942)"
KEEP THE BUILDING VACANT,CIVIL1  ,CBHCODE ,  ,VACANT  ,N,1395061,414505,'009500020087      ,"224
cincinnati, oh
(39.1071299998498, -84.50412999989942)"
KEEP THE BUILDING VACANT,CRIMINAL,CBHCODE ,  ,VACANT  ,N,1394914,414498,'009500020052      ,"235
cincinnati, oh
(39.1071299998498, -84.50412999989942)"
KEEP THE BUILDING VACANT,CRIMPREP,CBHCODE ,  ,VACANT  ,N,1394901,414516,'009500020051      ,"237
cincinnati, oh
(39.1071299998498, -84.50412999989942)"
KEEP THE BUILDING VACANT,CIVIL1  ,CBHCODE ,  ,VACANT  ,N,1394847,414548,'009500020048      ,"243
cincinnati, oh
(39.1071299998498, -84.50412999989942)"
KEEP THE BUILDING VACANT,CRIMINAL,CBHCODE ,  ,VACANT  ,N,1394829,414553,'009500020047      ,"245
cincinnati, oh
(39.1071299998498, -84.50412999989942)"
KEEP THE BUILDING VACANT,CRIMINAL,CBHCODE ,  ,VACANT  ,N,1394813,414561,'009500020046      ,"247
cincinnati, oh
(39.1071299998498, -84.50412999989942)"
CONDEMNATION,HAZARD  ,CBHCODE ,  ,VACANT  ,N,1394813,414561,'009500020046      ,"247
cincinnati, oh
(39.1071299998498, -84.50412999989942)"
KEEP THE BUILDING VACANT,CIVIL2  ,CBHCODE ,  ,VACANT  ,N,1394787,414559,'009500020045      ,"249
cincinnati, oh
(39.1071299998498, -84.50412999989942)"
KEEP THE BUILDING VACANT,CIVIL2  ,CBHCODE ,  ,VACANT  ,N,1394806,414665,'009500020068      ,"250
cincinnati, oh
(39.1071299998498, -84.50412999989942)"
VACATE THE BUILDING,CIVIL2  ,CBHCODE ,  ,VACANT  ,N,1394782,414592,'009500020044      ,"251
cincinnati, oh
(39.1071299998498, -84.50412999989942)"
KEEP THE BUILDING VACANT,CIVIL2  ,CBHCODE ,  ,VACANT  ,N,1394782,414592,'009500020044      ,"251
cincinnati, oh
(39.1071299998498, -84.50412999989942)"
KEEP THE BUILDING VACANT,CIVIL2  ,CBHCODE ,  ,VACANT  ,N,1394782,414592,'009500020044      ,"251
cincinnati, oh
(39.1071299998498, -84.50412999989942)"
CONDEMNATION,PREPROS ,CBHCODE ,  ,VACANT  ,N,1394513,414709,'009600040148      ,"273
cincinnati, oh
(39.1071299998498, -84.50412999989942)"
KEEP THE BUILDING VACANT,CIVIL1  ,CBHCODE ,  ,VACANT  ,N,1394487,414709,'009600040147      ,"275
cincinnati, oh
(39.1071299998498, -84.50412999989942)"
CONDEMNATION,FINLNOTC,CBHCODE ,  ,VACANT  ,N,1396441,410682,'008100040159      ,"1321
cincinnati, oh
(39.1071299998498, -84.50412999989942)"
CONDEMNATION,FINLNOTC,CBHCODE ,  ,VACANT  ,N,1396398,410696,'008100040158      ,"1323
cincinnati, oh
(39.1071299998498, -84.50412999989942)"
KEEP THE BUILDING VACANT,FINLNOTC,CBHCODE ,  ,VACANT  ,N,1396502,410950,'008100040116      ,"1406
cincinnati, oh
(39.1071299998498, -84.50412999989942)"
CONDEMNATION,FINLNOTC,CBHCODE ,  ,VACANT  ,N,1396486,411019,'008100040113      ,"1412
cincinnati, oh
(39.1071299998498, -84.50412999989942)"
KEEP THE BUILDING VACANT,FINLNOTC,CBHCODE ,  ,VACANT  ,N,1396358,411123,'008100040093      ,"1427
cincinnati, oh
(39.1071299998498, -84.50412999989942)"
KEEP THE BUILDING VACANT,ORDERS  ,CBHCODE ,  ,VACANT  ,N,1396346,411179,'008100040091      ,"1433
cincinnati, oh
(39.1071299998498, -84.50412999989942)"
KEEP THE BUILDING VACANT,DIVERSN ,CBHCODE ,  ,VACANT  ,N,1396346,411179,'008100040091      ,"1433
cincinnati, oh
(39.1071299998498, -84.50412999989942)"
KEEP THE BUILDING VACANT,ORDERS  ,CBHCODE ,  ,VACANT  ,N,1396303,411458,'008100040029      ,"1519
cincinnati, oh
(39.1071299998498, -84.50412999989942)"
CONDEMNATION,ORDERS  ,CBHCODE ,  ,VACANT  ,N,1396300,411473,'008100040028      ,"1521
cincinnati, oh
(39.1071299998498, -84.50412999989942)"
CONDEMNATION,CRIMINAL,CBHCODE ,  ,VACANT  ,N,1396300,411473,'008100040028      ,"1521
cincinnati, oh
(39.1071299998498, -84.50412999989942)"
KEEP THE BUILDING VACANT,ORDERS  ,CBHCODE ,  ,VACANT  ,N,1396270,411588,'008100040023      ,"1531
cincinnati, oh
(39.1071299998498, -84.50412999989942)"
CONDEMNATION,ORDERS  ,CBHCODE ,  ,VACANT  ,N,1396375,411636,'008100040042      ,"1534
cincinnati, oh
(39.1071299998498, -84.50412999989942)"
KEEP THE BUILDING VACANT,CRIMINAL,CBHCODE ,  ,VACANT  ,N,1396375,411636,'008100040042      ,"1534
cincinnati, oh
(39.1071299998498, -84.50412999989942)"
KEEP THE BUILDING VACANT,PREPROS ,CBHCODE ,  ,VACANT  ,N,1394798,413831,'009600050069      ,"225
cincinnati, oh
(39.1071299998498, -84.50412999989942)"
KEEP THE BUILDING VACANT ,ORDERS  ,CBHCODEC,  ,VACANT  ,N,1396748,411047,'008000010096      ,"1400
cincinnati, oh
(39.1071299998498, -84.50412999989942)"
KEEP THE BUILDING VACANT ,FINLNOTC,CBHCODEC,  ,VACANT  ,N,1396740,411103,'008000010089      ,"1408
cincinnati, oh
(39.1071299998498, -84.50412999989942)"
KEEP THE BUILDING VACANT ,ORDERS  ,CBHCODEC,  ,VACANT  ,N,1396733,411121,'008000010087      ,"1410
cincinnati, oh
(39.1071299998498, -84.50412999989942)"
KEEP THE BUILDING VACANT,FINLNOTC,CBHCODE ,  ,VACANT  ,N,1396725,411153,'008000010183      ,"1412
cincinnati, oh
(39.1071299998498, -84.50412999989942)"
KEEP THE BUILDING VACANT ,FINLNOTC,CBHCODEC,  ,VACANT  ,N,1396577,411138,'008100040128      ,"1425
cincinnati, oh
(39.1071299998498, -84.50412999989942)"
KEEP THE BUILDING VACANT,ORDERS  ,CBHCODE ,  ,VACANT  ,N,1396695,411318,'008000010063      ,"1428
cincinnati, oh
(39.1071299998498, -84.50412999989942)"
KEEP THE BUILDING VACANT ,FINLNOTC,CBHCODEC,  ,VACANT  ,N,1396564,411160,'008100040126      ,"1429
cincinnati, oh
(39.1071299998498, -84.50412999989942)"
KEEP THE BUILDING VACANT,ORDERS  ,CBHCODE ,  ,VACANT  ,N,1396662,411452,'008000010019      ,"1502
cincinnati, oh
(39.1071299998498, -84.50412999989942)"
CONDEMNATION,CRIMINAL,CBHCODE ,  ,VACANT  ,N,1396485,411454,'008100040069      ,"1513
cincinnati, oh
(39.1071299998498, -84.50412999989942)"
KEEP THE BUILDING VACANT,ORDERS  ,CBHCODE ,  ,VACANT  ,N,1396540,411445,'008100040069      ,"1513
cincinnati, oh
(39.1071299998498, -84.50412999989942)"
KEEP THE BUILDING VACANT,ORDERS  ,CBHCODE ,  ,VACANT  ,N,1396508,411484,'008100040068      ,"1517
cincinnati, oh
(39.1071299998498, -84.50412999989942)"
KEEP THE BUILDING VACANT ,FINLNOTC,CBHCODEC,  ,VACANT  ,N,1396482,411637,'008100040061      ,"1531
cincinnati, oh
(39.1071299998498, -84.50412999989942)"
KEEP THE BUILDING VACANT,PREPROS ,CBHCODE ,  ,VACANT  ,N,1396408,412136,'009400080113      ,"1629
cincinnati, oh
(39.1071299998498, -84.50412999989942)"
CONDEMNATION,PREPROS ,CBHCODE ,  ,VACANT  ,N,1396509,412322,'009400070020      ,"1648
cincinnati, oh
(39.1071299998498, -84.50412999989942)"
CONDEMNATION,PREPROS ,CBHCODE ,  ,VACANT  ,N,1396510,412343,'009400070018      ,"1700
cincinnati, oh
(39.1071299998498, -84.50412999989942)"
KEEP THE BUILDING VACANT,CIVIL1  ,CBHCODE ,  ,VACANT  ,N,1396390,412328,'009400080228      ,"1701
cincinnati, oh
(39.1071299998498, -84.50412999989942)"
KEEP THE BUILDING VACANT,CIVIL1  ,CBHCODE ,  ,VACANT  ,N,1396390,412328,'009400080228      ,"1703
cincinnati, oh
(39.1071299998498, -84.50412999989942)"
KEEP THE BUILDING VACANT,ORDERS  ,CBHCODE ,  ,VACANT  ,N,1396380,412374,'009400080229      ,"1707
cincinnati, oh
(39.1071299998498, -84.50412999989942)"
CONDEMNATION,CIVIL2  ,CBHCODE ,  ,VACANT  ,N,1396476,412431,'009400070330      ,"1708
cincinnati, oh
(39.1071299998498, -84.50412999989942)"
KEEP THE BUILDING VACANT,CIVIL1  ,CBHCODE ,  ,VACANT  ,N,1396386,412395,'009400080374      ,"1709
cincinnati, oh
(39.1071299998498, -84.50412999989942)"
KEEP THE BUILDING VACANT,ORDERS  ,CBHCODE ,  ,VACANT  ,N,1396470,412503,'009400070012      ,"1714
cincinnati, oh
(39.1071299998498, -84.50412999989942)"
KEEP THE BUILDING VACANT,PREPROS ,CBHCODE ,  ,VACANT  ,N,1396310,412514,'009400080237      ,"1721
cincinnati, oh
(39.1071299998498, -84.50412999989942)"
CONDEMNATION,PREPROS ,CBHCODEC,  ,VACANT  ,N,1396462,412635,'009400070006      ,"1724
cincinnati, oh
(39.1071299998498, -84.50412999989942)"
KEEP THE BUILDING VACANT ,ORDERS  ,CBHCODEC,  ,VACANT  ,N,1396420,412689,'009400070001      ,"1732
cincinnati, oh
(39.1071299998498, -84.50412999989942)"
CONDEMNATION,CIVIL1  ,CBHCODE ,  ,VACANT  ,N,1396316,412641,'009400080357      ,"1733
cincinnati, oh
(39.1071299998498, -84.50412999989942)"
KEEP THE BUILDING VACANT,ORDERS  ,CBHCODE ,  ,VACANT  ,N,1396317,412662,'009400080242      ,"1735
cincinnati, oh
(39.1071299998498, -84.50412999989942)"
KEEP THE BUILDING VACANT,ORDERS  ,CBHCODE ,  ,VACANT  ,N,1396286,412681,'009400080243      ,"1737
cincinnati, oh
(39.1071299998498, -84.50412999989942)"
KEEP THE BUILDING VACANT,CRIMINAL,CBHCODE ,  ,VACANT  ,N,1396409,412852,'009400050315      ,"1810
cincinnati, oh
(39.1071299998498, -84.50412999989942)"
KEEP THE BUILDING VACANT,ORDERS  ,CBHCODE ,  ,VACANT  ,N,1396409,412852,'009400050315      ,"1810
cincinnati, oh
(39.1071299998498, -84.50412999989942)"
CONDEMNATION,ORDERS  ,CBHCODEC,  ,VACANT  ,N,1396248,413084,'009400080352      ,"1829
cincinnati, oh
(39.1071299998498, -84.50412999989942)"
KEEP THE BUILDING VACANT,ORDERS  ,CBHCODE ,  ,VACANT  ,N,1396213,413108,'009400080353      ,"1833
cincinnati, oh
(39.1071299998498, -84.50412999989942)"
KEEP THE BUILDING VACANT,PROBATN ,CBHCODE ,  ,VACANT  ,N,1396213,413108,'009400080353      ,"1833
cincinnati, oh
(39.1071299998498, -84.50412999989942)"
CONDEMNATION,HAZARD  ,CBHCODE ,  ,VACANT  ,N,1396321,413337,'009400050164      ,"1914
cincinnati, oh
(39.1071299998498, -84.50412999989942)"
KEEP THE BUILDING VACANT,CIVIL2  ,CBHCODE ,  ,VACANT  ,N,1396186,413508,'009500030077      ,"1919
cincinnati, oh
(39.1071299998498, -84.50412999989942)"
CONDEMNATION,PREPROS ,CBHCODE ,  ,VACANT  ,N,1396311,413418,'009400050131      ,"1920
cincinnati, oh
(39.1071299998498, -84.50412999989942)"
KEEP THE BUILDING VACANT,PROBATN ,CBHCODE ,  ,VACANT  ,N,1396171,413561,'009500030064      ,"1921
cincinnati, oh
(39.1071299998498, -84.50412999989942)"
KEEP THE BUILDING VACANT,CIVIL1  ,CBHCODE ,  ,VACANT  ,N,1396171,413561,'009500030064      ,"1921
cincinnati, oh
(39.1071299998498, -84.50412999989942)"
KEEP THE BUILDING VACANT,PREPROS ,CBHCODE ,  ,VACANT  ,N,1396190,413548,'009500030078      ,"1923
cincinnati, oh
(39.1071299998498, -84.50412999989942)"
CONDEMNATION,HAZARD  ,CBHCODE ,  ,VACANT  ,N,1396175,413595,'009500030067      ,"1925
cincinnati, oh
(39.1071299998498, -84.50412999989942)"
CONDEMNATION,CIVIL1  ,CBHCODEC,  ,VACANT  ,N,1396279,413825,'009400040167      ,"2010
cincinnati, oh
(39.1071299998498, -84.50412999989942)"
CONDEMNATION,HAZARD  ,CBHCODEC,  ,VACANT  ,N,1396241,413839,'009400040166      ,"2012
cincinnati, oh
(39.1071299998498, -84.50412999989942)"
CONDEMNATION,CRIMINAL,CBHCODEC,  ,VACANT  ,N,1396238,413854,'009400040165      ,"2014
cincinnati, oh
(39.1071299998498, -84.50412999989942)"
KEEP THE BUILDING VACANT,FINLNOTC,CBHCODE ,  ,VACANT  ,N,1395437,411684,'008100010050      ,"208
cincinnati, oh
(39.1071299998498, -84.50412999989942)"
KEEP THE BUILDING VACANT,ORDERS  ,CBHCODE ,  ,VACANT  ,N,1395380,411659,'008100010046      ,"214
cincinnati, oh
(39.1071299998498, -84.50412999989942)"
KEEP THE BUILDING VACANT,ORDERS  ,CBHCODE ,  ,VACANT  ,N,1395429,411567,'008100020153      ,"215
cincinnati, oh
(39.1071299998498, -84.50412999989942)"
KEEP THE BUILDING VACANT,ORDERS  ,CBHCODE ,  ,VACANT  ,N,1395373,411565,'008100020151      ,"219
cincinnati, oh
(39.1071299998498, -84.50412999989942)"
KEEP THE BUILDING VACANT,FINLNOTC,CBHCODE ,  ,VACANT  ,N,1395351,411561,'008100020150      ,"221
cincinnati, oh
(39.1071299998498, -84.50412999989942)"
KEEP THE BUILDING VACANT,FINLNOTC,CBHCODE ,  ,VACANT  ,N,1397090,411014,'008000020232      ,"1349
cincinnati, oh
(39.1071299998498, -84.50412999989942)"
KEEP THE BUILDING VACANT,FINLNOTC,CBHCODE ,  ,VACANT  ,N,1397075,411129,'008000010105      ,"1405
cincinnati, oh
(39.1071299998498, -84.50412999989942)"
CONDEMNATION,ORDERS  ,CBHCODE ,  ,VACANT  ,N,1397011,411285,'008000010091      ,"1415
cincinnati, oh
(39.1071299998498, -84.50412999989942)"
KEEP THE BUILDING VACANT,ORDERS  ,CBHCODE ,  ,VACANT  ,N,1397026,411396,'008000010080      ,"1433
cincinnati, oh
(39.1071299998498, -84.50412999989942)"
KEEP THE BUILDING VACANT,CIVIL1  ,CBHCODE ,  ,VACANT  ,N,1397136,411431,'008000010116      ,"1434
cincinnati, oh
(39.1071299998498, -84.50412999989942)"
KEEP THE BUILDING VACANT,ORDERS  ,CBHCODE ,  ,VACANT  ,N,1396992,411571,'008000010196      ,"1445
cincinnati, oh
(39.1071299998498, -84.50412999989942)"
CONDEMNATION,CIVIL1  ,CBHCODE ,  ,VACANT  ,N,1397076,411779,'009400070148      ,"1606
cincinnati, oh
(39.1071299998498, -84.50412999989942)"
KEEP THE BUILDING VACANT,ORDERS  ,CBHCODE ,  ,VACANT  ,N,1397071,411799,'009400070149      ,"1608
cincinnati, oh
(39.1071299998498, -84.50412999989942)"
KEEP THE BUILDING VACANT,CIVIL1  ,CBHCODE ,  ,VACANT  ,N,1396936,411840,'009400070131      ,"1613
cincinnati, oh
(39.1071299998498, -84.50412999989942)"
KEEP THE BUILDING VACANT,CIVIL1  ,CBHCODE ,  ,VACANT  ,N,1397040,411922,'009400070189      ,"1614
cincinnati, oh
(39.1071299998498, -84.50412999989942)"
KEEP THE BUILDING VACANT,ORDERS  ,CBHCODE ,  ,VACANT  ,N,1397047,411976,'009400070192      ,"1622
cincinnati, oh
(39.1071299998498, -84.50412999989942)"
KEEP THE BUILDING VACANT,ORDERS  ,CBHCODE ,  ,VACANT  ,N,1396917,411939,'009400070136      ,"1623
cincinnati, oh
(39.1071299998498, -84.50412999989942)"
