NOTATION,Location 1,DATA_STATUS,COMP_TYPE,SUB_TYPE,APPROVED,X_COORD,Y_COORD,PARCEL,Location 2,Location 3
CONDEMNATION,"2617 W 8TH ST
Cincinnati, OH
(39.10547414125949, -84.55744725695064)",HAZARD  ,CBHCODE ,VACANT  ,N,1384698,409215,'017500140065      ,"8TH ST
","2617 W 8TH ST
"
KEEP THE BUILDING VACANT,"2704 W 8TH ST
Cincinnati, OH
(39.105573066682666, -84.55844550440315)",ORDERS  ,CBHCODE ,VACANT  ,N,1384440,409361,'017500150117      ,"8TH ST
","2704 W 8TH ST
"
CONDEMNATION,"3009 W 8TH ST
Cincinnati, OH
(39.10573494464796, -84.56166507726806)",PREPROS ,CBHCODE ,VACANT  ,N,1383512,409344,'017800250112      ,"8TH ST
","3009 W 8TH ST
"
CONDEMNATION,"3415 W 8TH ST
Cincinnati, OH
(39.1056719921059, -84.5667192670727)",CRIMINAL,CBHCODE ,VACANT  ,N,1382069,409325,'017600210004      ,"8TH ST
","3415 W 8TH ST
"
KEEP THE BUILDING VACANT,"3415 W 8TH ST
Cincinnati, OH
(39.1056719921059, -84.5667192670727)",PREPROS ,CBHCODE ,VACANT  ,N,1382069,409325,'017600210004      ,"8TH ST
","3415 W 8TH ST
"
CONDEMNATION,"3508 W 8TH ST
Cincinnati, OH
(39.10595078193501, -84.57000179247967)",CIVIL2  ,CBHCODE ,VACANT  ,N,1381140,409588,'017600190198      ,"8TH ST
","3508 W 8TH ST
"
KEEP THE BUILDING VACANT,"3514 W 8TH ST
Cincinnati, OH
(39.10597776159585, -84.5704604467146)",CRIMINAL,CBHCODE ,VACANT  ,N,1381019,409606,'017600190195      ,"8TH ST
","3514 W 8TH ST
"
KEEP THE BUILDING VACANT,"3516 W 8TH ST
Cincinnati, OH
(39.10598675481617, -84.57060433823926)",CIVIL2  ,CBHCODE ,VACANT  ,N,1380982,409610,'017600190189      ,"8TH ST
","3516 W 8TH ST
"
KEEP THE BUILDING VACANT,"3637 W 8TH ST
Cincinnati, OH
(39.10607668701908, -84.5726278128052)",ORDERS  ,CBHCODE ,VACANT  ,N,1380408,409536,'017600200052      ,"8TH ST
","3637 W 8TH ST
"
KEEP THE BUILDING VACANT,"3637 W 8TH ST
Cincinnati, OH
(39.10607668701908, -84.5726278128052)",PREPROS ,CBHCODE ,VACANT  ,N,1380408,409536,'017600200052      ,"8TH ST
","3637 W 8TH ST
"
CONDEMNATION,"1213 BLANCHARD AV
Cincinnati, OH
(39.11409863952048, -84.56602678911014)",HAZARD  ,CBHCODE ,VACANT  ,N,1382314,412460,'017300030115      ,"BLANCHARD AV
","1213 BLANCHARD AV
"
KEEP THE BUILDING VACANT,"1239 BLANCHARD AV
Cincinnati, OH
(39.11491702256711, -84.56595484334781)",ORDERS  ,CBHCODE ,VACANT  ,N,1382327,412791,'017300030098      ,"BLANCHARD AV
","1239 BLANCHARD AV
"
KEEP THE BUILDING VACANT,"1104 CARSON AV
Cincinnati, OH
(39.11265073105329, -84.57234902297614)",FINLNOTC,CBHCODE ,VACANT  ,N,1380591,411977,'017400080144      ,"CARSON AV
","1104 CARSON AV
"
KEEP THE BUILDING VACANT,"1104 CARSON AV
Cincinnati, OH
(39.11265073105329, -84.57234902297614)",ORDERS  ,CBHCODE ,VACANT  ,N,1380591,411977,'017400080144      ,"CARSON AV
","1104 CARSON AV
"
VACATE THE BUILDING,"1104 CARSON AV
Cincinnati, OH
(39.11265073105329, -84.57234902297614)",ORDERS  ,CBHCODE ,VACANT  ,N,1380591,411977,'017400080144      ,"CARSON AV
","1104 CARSON AV
"
KEEP THE BUILDING VACANT,"1110 CARSON AV
Cincinnati, OH
(39.11280361579827, -84.57216915857026)",CIVIL1  ,CBHCODE ,VACANT  ,N,1380635,412003,'017400080143      ,"CARSON AV
","1110 CARSON AV
"
CONDEMNATION,"1114 CARSON AV
Cincinnati, OH
(39.11289354800118, -84.57207023314703)",HAZARD  ,CBHCODE ,VACANT  ,N,1380665,412023,'017400080142      ,"CARSON AV
","1114 CARSON AV
"
CONDEMNATION,"1117 CARSON AV
Cincinnati, OH
(39.11306441918674, -84.5719713077238)",HAZARD  ,CBHCODE ,VACANT  ,N,1380612,412177,'017400070004      ,"CARSON AV
","1117 CARSON AV
"
CONDEMNATION,"814 CHATEAU AV
Cincinnati, OH
(39.106202592103216, -84.56000133151383)",ORDERS  ,CBHCODE ,VACANT  ,N,1384058,409559,'017500160176      ,"CHATEAU AV
","814 CHATEAU AV
"
CONDEMNATION,"816 CHATEAU AV
Cincinnati, OH
(39.10629252430613, -84.55999233829357)",ORDERS  ,CBHCODE ,VACANT  ,N,1384122,409581,'017500160031      ,"CHATEAU AV
","816 CHATEAU AV
"
CONDEMNATION,"817 CHATEAU AV
Cincinnati, OH
(39.10630151752645, -84.5600642840559)",HAZARD  ,CBHCODE ,VACANT  ,N,1383895,409608,'017500160040      ,"CHATEAU AV
","817 CHATEAU AV
"
CONDEMNATION,"911 CHATEAU AV
Cincinnati, OH
(39.107236812436895, -84.55996535863267)",HAZARD  ,CBHCODE ,VACANT  ,N,1383946,409952,'017500160046      ,"CHATEAU AV
","911 CHATEAU AV
"
KEEP THE BUILDING VACANT,"915 CHATEAU AV
Cincinnati, OH
(39.10736271752097, -84.55995636541235)",ORDERS  ,CBHCODE ,VACANT  ,N,1383944,409993,'017500160047      ,"CHATEAU AV
","915 CHATEAU AV
"
CONDEMNATION,"431 CONSIDINE AV
Cincinnati, OH
(39.098675266717976, -84.56426411793274)",PREPROS ,CBHCODE ,VACANT  ,N,1382645,406863,'017700350179      ,"CONSIDINE AV
","431 CONSIDINE AV
"
CONDEMNATION,"451 CONSIDINE AV
Cincinnati, OH
(39.09923108629975, -84.5642327434072)",CRIMINAL,CBHCODE ,VACANT  ,N,1382613,407032,'017700350131      ,"CONSIDINE AV
","451 CONSIDINE AV
"
CONDEMNATION,"549 CONSIDINE AV
Cincinnati, OH
(39.10204772432786, -84.5638864026804)",HAZARD  ,CBHCODE ,VACANT  ,N,1382786,408086,'017800260140      ,"CONSIDINE AV
","549 CONSIDINE AV
"
KEEP THE BUILDING VACANT,"818 CONSIDINE AV
Cincinnati, OH
(39.106544334474336, -84.5633647959034)",CIVIL1  ,CBHCODE ,VACANT  ,N,1383078,409735,'017500170060      ,"CONSIDINE AV
","818 CONSIDINE AV
"
CONDEMNATION,"827 CONSIDINE AV
Cincinnati, OH
(39.1067421853208, -84.5634187552252)",ORDERS  ,CBHCODE ,VACANT  ,N,1382944,409790,'017500170062      ,"CONSIDINE AV
","827 CONSIDINE AV
"
CONDEMNATION,"831 CONSIDINE AV
Cincinnati, OH
(39.10687708362519, -84.56340076878456)",ORDERS  ,CBHCODE ,VACANT  ,N,1382970,409831,'017500170061      ,"CONSIDINE AV
","831 CONSIDINE AV
"
CONDEMNATION,"1033 CONSIDINE AV
Cincinnati, OH
(39.11096000563822, -84.56296909421053)",HAZARD  ,CBHCODE ,VACANT  ,N,1383137,411318,'017300040050      ,"CONSIDINE AV
","1033 CONSIDINE AV
"
CONDEMNATION,"1038 CONSIDINE AV
Cincinnati, OH
(39.111265775128174, -84.56287916200762)",ORDERS  ,CBHCODE ,VACANT  ,N,1383283,411409,'017300040140      ,"CONSIDINE AV
","1038 CONSIDINE AV
"
KEEP THE BUILDING VACANT,"316 CRESTLINE AV
Cincinnati, OH
(39.09673273113469, -84.56770852130495)",ORDERS  ,CBHCODE ,VACANT  ,N,1381807,406159,'017700370194      ,"CRESTLINE AV
","316 CRESTLINE AV
"
CONDEMNATION,"316 CRESTLINE AV
Cincinnati, OH
(39.09673273113469, -84.56770852130495)",PREPROS ,CBHCODE ,VACANT  ,N,1381807,406159,'017700370194      ,"CRESTLINE AV
","316 CRESTLINE AV
"
KEEP THE BUILDING VACANT,"318 CRESTLINE AV
Cincinnati, OH
(39.09684064977819, -84.56770852130495)",CIVIL2  ,CBHCODE ,VACANT  ,N,1381794,406210,'017700370198      ,"CRESTLINE AV
","318 CRESTLINE AV
"
KEEP THE BUILDING VACANT,"341 CRESTLINE AV
Cincinnati, OH
(39.0973172904537, -84.5677894602876)",ORDERS  ,CBHCODE ,VACANT  ,N,1381629,406421,'017700370039      ,"CRESTLINE AV
","341 CRESTLINE AV
"
KEEP THE BUILDING VACANT,"341 CRESTLINE AV
Cincinnati, OH
(39.0973172904537, -84.5677894602876)",CIVIL2  ,CBHCODE ,VACANT  ,N,1381629,406421,'017700370039      ,"CRESTLINE AV
","341 CRESTLINE AV
"
CONDEMNATION,"432 CRESTLINE AV
Cincinnati, OH
(39.09876519892089, -84.56772650774553)",FINLNOTC,CBHCODE ,VACANT  ,N,1381787,406912,'017700370058      ,"CRESTLINE AV
","432 CRESTLINE AV
"
CONDEMNATION,"446 CRESTLINE AV
Cincinnati, OH
(39.09916989383407, -84.56769952808463)",DIVERSN ,CBHCODE ,VACANT  ,N,1381801,407074,'017700340048      ,"CRESTLINE AV
","446 CRESTLINE AV
"
CONDEMNATION,"461 CRESTLINE AV
Cincinnati, OH
(39.09964653450959, -84.56767254842379)",HAZARD  ,CBHCODE ,VACANT  ,N,1381688,407251,'017700340027      ,"CRESTLINE AV
","461 CRESTLINE AV
"
KEEP THE BUILDING VACANT,"1035 DEL MONTE PL
Cincinnati, OH
(39.11134671411082, -84.56525337216493)",PREPROS ,CBHCODE ,VACANT  ,N,1382460,411504,'017400090163      ,"DEL MONTE PL
","1035 DEL MONTE PL
"
CONDEMNATION,"3610 EDWIN AV
Cincinnati, OH
(39.094646304026696, -84.57281667043134)",HAZARD  ,CBHCODE ,VACANT  ,N,1380289,405465,'015200390120      ,"EDWIN AV
","3610 EDWIN AV
"
CONDEMNATION,"584 ELBERON AV
Cincinnati, OH
(39.103738449742934, -84.56630557893925)",FINLNOTC,CBHCODE ,VACANT  ,N,1382312,408704,'017800260001      ,"ELBERON AV
","584 ELBERON AV
"
KEEP THE BUILDING VACANT,"713 ELBERON AV
Cincinnati, OH
(39.10463777177222, -84.56628759249867)",FINLNOTC,CBHCODE ,VACANT  ,N,1382090,409045,'017600210106      ,"ELBERON AV
","713 ELBERON AV
"
KEEP THE BUILDING VACANT,"731 ELBERON AV
Cincinnati, OH
(39.10518635821012, -84.56621564673628)",ORDERS  ,CBHCODE ,VACANT  ,N,1382134,409227,'017600210013      ,"ELBERON AV
","731 ELBERON AV
"
CONDEMNATION,"812 ELBERON AV
Cincinnati, OH
(39.106517354813434, -84.56594585012749)",HAZARD  ,CBHCODE ,VACANT  ,N,1382377,409704,'017500170083      ,"ELBERON AV
","812 ELBERON AV
"
CONDEMNATION,"818 ELBERON AV
Cincinnati, OH
(39.1066072870164, -84.56591887046665)",HAZARD  ,CBHCODE ,VACANT  ,N,1382405,409770,'017500170158      ,"ELBERON AV
","818 ELBERON AV
"
KEEP THE BUILDING VACANT,"837 ELBERON AV
Cincinnati, OH
(39.10693104294694, -84.56584692470426)",CIVIL1  ,CBHCODE ,VACANT  ,N,1382251,409888,'017600190209      ,"ELBERON AV
","837 ELBERON AV
"
KEEP THE BUILDING VACANT,"837 ELBERON AV
Cincinnati, OH
(39.10693104294694, -84.56584692470426)",DIVERSN ,CBHCODE ,VACANT  ,N,1382251,409888,'017600190209      ,"ELBERON AV
","837 ELBERON AV
"
CONDEMNATION,"947 ELBERON AV
Cincinnati, OH
(39.108720693785244, -84.5655681348752)",HAZARD  ,CBHCODE ,VACANT  ,N,1382370,410526,'017500180196      ,"ELBERON AV
","947 ELBERON AV
"
CONDEMNATION,"961 ELBERON AV
Cincinnati, OH
(39.10922431412166, -84.56550518233314)",HAZARD  ,CBHCODE ,VACANT  ,N,1382391,410707,'017500180189      ,"ELBERON AV
","961 ELBERON AV
"
CONDEMNATION,"965 ELBERON AV
Cincinnati, OH
(39.10936820564632, -84.56548719589256)",HAZARD  ,CBHCODE ,VACANT  ,N,1382397,410756,'017500180188      ,"ELBERON AV
","965 ELBERON AV
"
CONDEMNATION,"1241 ELBERON AV
Cincinnati, OH
(39.11479111748304, -84.56494760267498)",HAZARD  ,CBHCODE ,VACANT  ,N,1382590,412789,'017300020091      ,"ELBERON AV
","1241 ELBERON AV
"
CONDEMNATION,"1604 ELBERON AV
Cincinnati, OH
(39.11635593781398, -84.56471377894735)",HAZARD  ,CBHCODE ,VACANT  ,N,1382799,413292,'020400200085      ,"ELBERON AV
","1604 ELBERON AV
"
CONDEMNATION,"1608 ELBERON AV
Cincinnati, OH
(39.11647284967779, -84.56469579250677)",ORDERS  ,CBHCODE ,VACANT  ,N,1382804,413337,'020400200084      ,"ELBERON AV
","1608 ELBERON AV
"
KEEP THE BUILDING VACANT,"562 ENRIGHT AV
Cincinnati, OH
(39.10009619552426, -84.57449840262615)",PREPROS ,CBHCODE ,VACANT  ,N,1379881,407432,'015500460032      ,"ENRIGHT AV
","562 ENRIGHT AV
"
VACATE THE BUILDING,"607 ENRIGHT AV
Cincinnati, OH
(39.10113940907826, -84.57430055177969)",CIVIL2  ,CBHCODE ,VACANT  ,N,1379847,407829,'015500460049      ,"ENRIGHT AV
","607 ENRIGHT AV
"
KEEP THE BUILDING VACANT,"607 ENRIGHT AV
Cincinnati, OH
(39.10113940907826, -84.57430055177969)",CIVIL2  ,CBHCODE ,VACANT  ,N,1379847,407829,'015500460049      ,"ENRIGHT AV
","607 ENRIGHT AV
"
KEEP THE BUILDING VACANT,"941 ENRIGHT AV
Cincinnati, OH
(39.10909840903753, -84.57250190772112)",ORDERS  ,CBHCODE ,VACANT  ,N,1380407,410705,'017600220038      ,"ENRIGHT AV
","941 ENRIGHT AV
"
CONDEMNATION,"905 FAIRBANKS AV
Cincinnati, OH
(39.10756056836743, -84.56866180265598)",ORDERS  ,CBHCODE ,VACANT  ,N,1381498,410126,'017600190055      ,"FAIRBANKS AV
","905 FAIRBANKS AV
"
KEEP THE BUILDING VACANT,"905 FAIRBANKS AV
Cincinnati, OH
(39.10756056836743, -84.56866180265598)",DIVERSN ,CBHCODE ,VACANT  ,N,1381498,410126,'017600190055      ,"FAIRBANKS AV
","905 FAIRBANKS AV
"
KEEP THE BUILDING VACANT,"907 FAIRBANKS AV
Cincinnati, OH
(39.10763251412976, -84.56865280943572)",CRIMINAL,CBHCODE ,VACANT  ,N,1381500,410150,'017600190054      ,"FAIRBANKS AV
","907 FAIRBANKS AV
"
CONDEMNATION,"907 FAIRBANKS AV
Cincinnati, OH
(39.10763251412976, -84.56865280943572)",ORDERS  ,CBHCODE ,VACANT  ,N,1381500,410150,'017600190054      ,"FAIRBANKS AV
","907 FAIRBANKS AV
"
KEEP THE BUILDING VACANT,"924 FAIRBANKS AV
Cincinnati, OH
(39.10821707344883, -84.568508917911)",CRIMINAL,CBHCODE ,VACANT  ,N,1381653,410343,'017500180139      ,"FAIRBANKS AV
","924 FAIRBANKS AV
"
CONDEMNATION,"924 FAIRBANKS AV
Cincinnati, OH
(39.10821707344883, -84.568508917911)",ORDERS  ,CBHCODE ,VACANT  ,N,1381653,410343,'017500180139      ,"FAIRBANKS AV
","924 FAIRBANKS AV
"
CONDEMNATION,"933 FAIRBANKS AV
Cincinnati, OH
(39.10849586327794, -84.5685358975719)",HAZARD  ,CBHCODE ,VACANT  ,N,1381536,410463,'017500180101      ,"FAIRBANKS AV
","933 FAIRBANKS AV
"
CONDEMNATION,"953 FAIRBANKS AV
Cincinnati, OH
(39.10917934802018, -84.56844596536894)",CIVIL1  ,CBHCODE ,VACANT  ,N,1381564,410712,'017500180111      ,"FAIRBANKS AV
","953 FAIRBANKS AV
"
CONDEMNATION,"956 FAIRBANKS AV
Cincinnati, OH
(39.109260287002826, -84.56836502638635)",HAZARD  ,CBHCODE ,VACANT  ,N,1381698,410739,'017500180131      ,"FAIRBANKS AV
","956 FAIRBANKS AV
"
CONDEMNATION,"1232 FAIRBANKS AV
Cincinnati, OH
(39.11471917172065, -84.56775348740638)",ORDERS  ,CBHCODE ,VACANT  ,N,1381933,412705,'017300030168      ,"FAIRBANKS AV
","1232 FAIRBANKS AV
"
KEEP THE BUILDING VACANT,"1232 FAIRBANKS AV
Cincinnati, OH
(39.11471917172065, -84.56775348740638)",CRIMINAL,CBHCODE ,VACANT  ,N,1381933,412705,'017300030168      ,"FAIRBANKS AV
","1232 FAIRBANKS AV
"
CONDEMNATION,"2814 GLENWAY AV
Cincinnati, OH
(39.11250683952858, -84.55697960949539)",ORDERS  ,CBHCODE ,VACANT  ,N,1384932,411892,'017200180062      ,"GLENWAY AV
","2814 GLENWAY AV
"
CONDEMNATION,"2823 GLENWAY AV
Cincinnati, OH
(39.11267771071414, -84.55742027728974)",PREPROS ,CBHCODE ,VACANT  ,N,1384750,411818,'017300060074      ,"GLENWAY AV
","2823 GLENWAY AV
"
CONDEMNATION,"2923 GLENWAY AV
Cincinnati, OH
(39.113091398847644, -84.55909301626423)",CRIMINAL,CBHCODE ,VACANT  ,N,1384299,412008,'017300050008      ,"GLENWAY AV
","2923 GLENWAY AV
"
KEEP THE BUILDING VACANT,"3033 GLENWAY AV
Cincinnati, OH
(39.11324428359262, -84.56183594845362)",PREPROS ,CBHCODE ,VACANT  ,N,1383512,412073,'017300040002      ,"GLENWAY AV
","3033 GLENWAY AV
"
KEEP THE BUILDING VACANT,"3044 GLENWAY AV
Cincinnati, OH
(39.11333421579553, -84.56253741963644)",CIVIL1  ,CBHCODE ,VACANT  ,N,1383336,412241,'017300010098      ,"GLENWAY AV
","3044 GLENWAY AV
"
CONDEMNATION,"3320 GLENWAY AV
Cincinnati, OH
(39.11347810732025, -84.56477673148942)",PREPROS ,CBHCODE ,VACANT  ,N,1382694,412305,'017300020122      ,"GLENWAY AV
","3320 GLENWAY AV
"
KEEP THE BUILDING VACANT,"3334 GLENWAY AV
Cincinnati, OH
(39.11352307342173, -84.56549618911288)",ORDERS  ,CBHCODE ,VACANT  ,N,1382505,412328,'017300020071      ,"GLENWAY AV
","3334 GLENWAY AV
"
KEEP THE BUILDING VACANT,"3503 GLENWAY AV
Cincinnati, OH
(39.113630992065225, -84.567987311134)",CIVIL1  ,CBHCODE ,VACANT  ,N,1381768,412256,'017400090138      ,"GLENWAY AV
","3503 GLENWAY AV
"
KEEP THE BUILDING VACANT,"3505 GLENWAY AV
Cincinnati, OH
(39.11363998528549, -84.56814019587898)",CIVIL2  ,CBHCODE ,VACANT  ,N,1381738,412264,'017400090137      ,"GLENWAY AV
","3505 GLENWAY AV
"
CONDEMNATION,"3533 GLENWAY AV
Cincinnati, OH
(39.11373891070872, -84.56983092129406)",HAZARD  ,CBHCODE ,VACANT  ,N,1381255,412314,'017400080019      ,"GLENWAY AV
","3533 GLENWAY AV
"
CONDEMNATION,"3537 GLENWAY AV
Cincinnati, OH
(39.11376589036962, -84.57001078569994)",HAZARD  ,CBHCODE ,VACANT  ,N,1381211,412321,'017400080021      ,"GLENWAY AV
","3537 GLENWAY AV
"
CONDEMNATION,"3627 GLENWAY AV
Cincinnati, OH
(39.11386481579285, -84.57162956535268)",HAZARD  ,CBHCODE ,VACANT  ,N,1380749,412356,'017400040086      ,"GLENWAY AV
","3627 GLENWAY AV
"
KEEP THE BUILDING VACANT,"3642 GLENWAY AV
Cincinnati, OH
(39.11396374121608, -84.57237600263699)",PREPROS ,CBHCODE ,VACANT  ,N,1380538,412528,'017400040034      ,"GLENWAY AV
","3642 GLENWAY AV
"
CONDEMNATION,"3718 GLENWAY AV
Cincinnati, OH
(39.114044680198674, -84.5737609585621)",ORDERS  ,CBHCODE ,VACANT  ,N,1380144,412567,'017400040050      ,"GLENWAY AV
","3718 GLENWAY AV
"
CONDEMNATION,"3719 GLENWAY AV
Cincinnati, OH
(39.11400870731751, -84.57407572127238)",ORDERS  ,CBHCODE ,VACANT  ,N,1380030,412457,'017400070029      ,"GLENWAY AV
","3719 GLENWAY AV
"
KEEP THE BUILDING VACANT,"3719 GLENWAY AV
Cincinnati, OH
(39.11400870731751, -84.57407572127238)",PREPROS ,CBHCODE ,VACANT  ,N,1380030,412457,'017400070029      ,"GLENWAY AV
","3719 GLENWAY AV
"
CONDEMNATION,"590 GRAND AV
Cincinnati, OH
(39.1036125446588, -84.56131434167662)",HAZARD  ,CBHCODE ,VACANT  ,N,1383650,408601,'017800270112      ,"GRAND AV
","590 GRAND AV
"
CONDEMNATION,"720 GRAND AV
Cincinnati, OH
(39.10422408363877, -84.56125138913455)",HAZARD  ,CBHCODE ,VACANT  ,N,1383763,408836,'017800270066      ,"GRAND AV
","720 GRAND AV
"
KEEP THE BUILDING VACANT,"912 GRAND AV
Cincinnati, OH
(39.107407683622455, -84.5609456196446)",PREPROS ,CBHCODE ,VACANT  ,N,1383813,410004,'017500160088      ,"GRAND AV
","912 GRAND AV
"
KEEP THE BUILDING VACANT,"914 GRAND AV
Cincinnati, OH
(39.1074886226051, -84.56093662642428)",ORDERS  ,CBHCODE ,VACANT  ,N,1383816,410030,'017500160202      ,"GRAND AV
","914 GRAND AV
"
KEEP THE BUILDING VACANT,"916 GRAND AV
Cincinnati, OH
(39.1075965412486, -84.56092763320402)",ORDERS  ,CBHCODE ,VACANT  ,N,1383820,410077,'017500160191      ,"GRAND AV
","916 GRAND AV
"
KEEP THE BUILDING VACANT,"917 GRAND AV
Cincinnati, OH
(39.107407683622455, -84.56101756540693)",ORDERS  ,CBHCODE ,VACANT  ,N,1383646,410017,'017500160134      ,"GRAND AV
","917 GRAND AV
"
KEEP THE BUILDING VACANT,"919 GRAND AV
Cincinnati, OH
(39.10747063616452, -84.56100857218667)",ORDERS  ,CBHCODE ,VACANT  ,N,1383643,410073,'017500160135      ,"GRAND AV
","919 GRAND AV
"
KEEP THE BUILDING VACANT,"960 GRAND AV
Cincinnati, OH
(39.10903545649552, -84.56077474845904)",ORDERS  ,CBHCODE ,VACANT  ,N,1383879,410592,'017500160073      ,"GRAND AV
","960 GRAND AV
"
CONDEMNATION,"1036 GRAND AV
Cincinnati, OH
(39.111175842925206, -84.56057689761258)",PREPROS ,CBHCODE ,VACANT  ,N,1383941,411379,'017300050124      ,"GRAND AV
","1036 GRAND AV
"
KEEP THE BUILDING VACANT,"1135 GRAND AV
Cincinnati, OH
(39.11437742934953, -84.56029810778352)",FINLNOTC,CBHCODE ,VACANT  ,N,1383917,412574,'017300010167      ,"GRAND AV
","1135 GRAND AV
"
CONDEMNATION,"1265 GRAND AV
Cincinnati, OH
(39.11557352764851, -84.56017220269939)",ORDERS  ,CBHCODE ,VACANT  ,N,1383954,412989,'017300010189      ,"GRAND AV
","1265 GRAND AV
"
CONDEMNATION,"1267 GRAND AV
Cincinnati, OH
(39.11560950052967, -84.56016320947913)",ORDERS  ,CBHCODE ,VACANT  ,N,1383955,413020,'017300010190      ,"GRAND AV
","1267 GRAND AV
"
KEEP THE BUILDING VACANT,"1689 GRAND AV
Cincinnati, OH
(39.11628399205165, -84.56010925015732)",ORDERS  ,CBHCODE ,VACANT  ,N,1383974,413249,'020400200022      ,"GRAND AV
","1689 GRAND AV
"
CONDEMNATION,"407 HAWTHORNE AV
Cincinnati, OH
(39.097793931129274, -84.56319392471784)",HAZARD  ,CBHCODE ,VACANT  ,N,1382948,406528,'017700350084      ,"HAWTHORNE AV
","407 HAWTHORNE AV
"
CONDEMNATION,"407 HAWTHORNE AV
Cincinnati, OH
(39.097793931129274, -84.56319392471784)",ORDERS  ,CBHCODE ,VACANT  ,N,1382948,406528,'017700350084      ,"HAWTHORNE AV
","407 HAWTHORNE AV
"
KEEP THE BUILDING VACANT,"520 HAWTHORNE AV
Cincinnati, OH
(39.10002424976193, -84.56286117556704)",ORDERS  ,CBHCODE ,VACANT  ,N,1383214,407322,'017700350046      ,"HAWTHORNE AV
","520 HAWTHORNE AV
"
CONDEMNATION,"609 HAWTHORNE AV
Cincinnati, OH
(39.100950551452115, -84.56283419590613)",PREPROS ,CBHCODE ,VACANT  ,N,1383081,407677,'017700350060      ,"HAWTHORNE AV
","609 HAWTHORNE AV
"
CONDEMNATION,"626 HAWTHORNE AV
Cincinnati, OH
(39.10151712433054, -84.562708290822)",HAZARD  ,CBHCODE ,VACANT  ,N,1383261,407868,'017800260094      ,"HAWTHORNE AV
","626 HAWTHORNE AV
"
CONDEMNATION,"664 HAWTHORNE AV
Cincinnati, OH
(39.10290208025566, -84.56256439929734)",HAZARD  ,CBHCODE ,VACANT  ,N,1383305,408382,'017800260085      ,"HAWTHORNE AV
","664 HAWTHORNE AV
"
CONDEMNATION,"743 HAWTHORNE AV
Cincinnati, OH
(39.10537521583626, -84.56242950099295)",HAZARD  ,CBHCODE ,VACANT  ,N,1383225,409281,'017800250068      ,"HAWTHORNE AV
","743 HAWTHORNE AV
"
CONDEMNATION,"819 HAWTHORNE AV
Cincinnati, OH
(39.10667923277873, -84.56232158234945)",ORDERS  ,CBHCODE ,VACANT  ,N,1383257,409757,'017500170037      ,"HAWTHORNE AV
","819 HAWTHORNE AV
"
KEEP THE BUILDING VACANT,"909 HAWTHORNE AV
Cincinnati, OH
(39.10729077175864, -84.56226762302765)",ORDERS  ,CBHCODE ,VACANT  ,N,1383288,409993,'017500170023      ,"HAWTHORNE AV
","909 HAWTHORNE AV
"
CONDEMNATION,"930 HAWTHORNE AV
Cincinnati, OH
(39.10792029717919, -84.56213272472326)",HAZARD  ,CBHCODE ,VACANT  ,N,1383493,410194,'017500160158      ,"HAWTHORNE AV
","930 HAWTHORNE AV
"
CONDEMNATION,"932 HAWTHORNE AV
Cincinnati, OH
(39.10797425650094, -84.562123731503)",HAZARD  ,CBHCODE ,VACANT  ,N,1383480,410236,'017500160157      ,"HAWTHORNE AV
","932 HAWTHORNE AV
"
CONDEMNATION,"932 HAWTHORNE AV
Cincinnati, OH
(39.10797425650094, -84.562123731503)",ORDERS  ,CBHCODE ,VACANT  ,N,1383480,410236,'017500160157      ,"HAWTHORNE AV
","932 HAWTHORNE AV
"
CONDEMNATION,"3430 KENSINGTON PL
Cincinnati, OH
(39.10936820564632, -84.56714194842647)",HAZARD  ,CBHCODE ,VACANT  ,N,1382021,410829,'017500180173      ,"KENSINGTON PL
","3430 KENSINGTON PL
"
CONDEMNATION,"939 KIRBERT AV
Cincinnati, OH
(39.10887357853022, -84.57552362973956)",HAZARD  ,CBHCODE ,VACANT  ,N,1379536,410647,'01760A230045      ,"KIRBERT AV
","939 KIRBERT AV
"
CONDEMNATION,"976 KIRBERT AV
Cincinnati, OH
(39.109880819203056, -84.57536175177427)",CIVIL1  ,CBHCODE ,VACANT  ,N,1379722,410979,'01760A230076      ,"KIRBERT AV
","976 KIRBERT AV
"
CONDEMNATION,"3603 LACLEDE AV
Cincinnati, OH
(39.11182335478634, -84.5705683653581)",HAZARD  ,CBHCODE ,VACANT  ,N,1381023,411619,'017400080191      ,"LACLEDE AV
","3603 LACLEDE AV
"
CONDEMNATION,"3610 LACLEDE AV
Cincinnati, OH
(39.111886307328405, -84.57080218908573)",HAZARD  ,CBHCODE ,VACANT  ,N,1380970,411753,'017400080169      ,"LACLEDE AV
","3610 LACLEDE AV
"
CONDEMNATION,"3612 LACLEDE AV
Cincinnati, OH
(39.111886307328405, -84.57089212128864)",ORDERS  ,CBHCODE ,VACANT  ,N,1380945,411760,'017400080170      ,"LACLEDE AV
","3612 LACLEDE AV
"
CONDEMNATION,"3625 LACLEDE AV
Cincinnati, OH
(39.1118593276675, -84.57153963314977)",CIVIL1  ,CBHCODE ,VACANT  ,N,1380758,411652,'017400080180      ,"LACLEDE AV
","3625 LACLEDE AV
"
VACATE THE BUILDING,"3625 LACLEDE AV
Cincinnati, OH
(39.1118593276675, -84.57153963314977)",ORDERS  ,CBHCODE ,VACANT  ,N,1380758,411652,'017400080180      ,"LACLEDE AV
","3625 LACLEDE AV
"
CONDEMNATION,"3640 LACLEDE AV
Cincinnati, OH
(39.11210214461539, -84.5721062060282)",HAZARD  ,CBHCODE ,VACANT  ,N,1380640,411828,'017400080150      ,"LACLEDE AV
","3640 LACLEDE AV
"
CONDEMNATION,"3718 LACLEDE AV
Cincinnati, OH
(39.11294750732293, -84.5731494195822)",PREPROS ,CBHCODE ,VACANT  ,N,1380368,412164,'017400070138      ,"LACLEDE AV
","3718 LACLEDE AV
"
KEEP THE BUILDING VACANT,"3616 LASALLE ST
Cincinnati, OH
(39.11272223648676, -84.57065270217484)",PREPROS ,CBHCODE ,VACANT  ,N,1380907,412080,'017400080136      ,"LASALLE ST
","3616 LASALLE ST
"
KEEP THE BUILDING VACANT,"3618 LASALLE ST
Cincinnati, OH
(39.112723989437406, -84.57069389651515)",PREPROS ,CBHCODE ,VACANT  ,N,1380877,412073,'017400080137      ,"LASALLE ST
","3618 LASALLE ST
"
KEEP THE BUILDING VACANT,"3620 LASALLE ST
Cincinnati, OH
(39.11272574238806, -84.57073509085548)",PREPROS ,CBHCODE ,VACANT  ,N,1380832,412058,'017400080138      ,"LASALLE ST
","3620 LASALLE ST
"
CONDEMNATION,"3201 LEHMAN RD
Cincinnati, OH
(39.115285744599134, -84.56274426370322)",ORDERS  ,CBHCODE ,VACANT  ,N,1383293,412821,'017300010031      ,"LEHMAN RD
","3201 LEHMAN RD
"
KEEP THE BUILDING VACANT,"3205 LEHMAN RD
Cincinnati, OH
(39.1152947378194, -84.56291513488878)",CIVIL1  ,CBHCODE ,VACANT  ,N,1383247,412835,'017300010029      ,"LEHMAN RD
","3205 LEHMAN RD
"
KEEP THE BUILDING VACANT,"3634 W LIBERTY ST
Cincinnati, OH
(39.11660774798219, -84.57073923654366)",CIVIL2  ,CBHCODE ,VACANT  ,N,1381032,413462,'020400140048      ,"LIBERTY ST
","3634 W LIBERTY ST
"
CONDEMNATION,"956 MANSION AV
Cincinnati, OH
(39.109242300562244, -84.56631457215951)",HAZARD  ,CBHCODE ,VACANT  ,N,1382290,410704,'017500180190      ,"MANSION AV
","956 MANSION AV
"
CONDEMNATION,"958 MANSION AV
Cincinnati, OH
(39.10931424632457, -84.56630557893925)",HAZARD  ,CBHCODE ,VACANT  ,N,1382293,410729,'017500180252      ,"MANSION AV
","958 MANSION AV
"
CONDEMNATION,"962 MANSION AV
Cincinnati, OH
(39.10939518530722, -84.56629658571893)",CIVIL2  ,CBHCODE ,VACANT  ,N,1382277,410784,'017500180231      ,"MANSION AV
","962 MANSION AV
"
KEEP THE BUILDING VACANT,"966 MANSION AV
Cincinnati, OH
(39.10955706327252, -84.56627859927835)",ORDERS  ,CBHCODE ,VACANT  ,N,1382290,410825,'017500180185      ,"MANSION AV
","966 MANSION AV
"
KEEP THE BUILDING VACANT,"968 MANSION AV
Cincinnati, OH
(39.10965598869569, -84.56625161961745)",CRIMINAL,CBHCODE ,VACANT  ,N,1382294,410856,'017500180184      ,"MANSION AV
","968 MANSION AV
"
KEEP THE BUILDING VACANT,"968 MANSION AV
Cincinnati, OH
(39.10965598869569, -84.56625161961745)",PREPROS ,CBHCODE ,VACANT  ,N,1382294,410856,'017500180184      ,"MANSION AV
","968 MANSION AV
"
KEEP THE BUILDING VACANT,"2801 MARYLAND AV
Cincinnati, OH
(39.108900558191124, -84.55886818575692)",FINLNOTC,CBHCODE ,VACANT  ,N,1384325,410489,'017500160008      ,"MARYLAND AV
","2801 MARYLAND AV
"
CONDEMNATION,"744 MCPHERSON AV
Cincinnati, OH
(39.105060453125986, -84.57100903315245)",FINLNOTC,CBHCODE ,VACANT  ,N,1380915,409215,'017600240011      ,"MCPHERSON AV
","744 MCPHERSON AV
"
CONDEMNATION,"809 MCPHERSON AV
Cincinnati, OH
(39.10631051074671, -84.57094608061044)",ORDERS  ,CBHCODEC,VACANT  ,N,1380849,409678,'017600200171      ,"MCPHERSON AV
","809 MCPHERSON AV
"
KEEP THE BUILDING VACANT,"809 MCPHERSON AV
Cincinnati, OH
(39.10631051074671, -84.57094608061044)",CRIMPREP,CBHCODE ,VACANT  ,N,1380849,409678,'017600200171      ,"MCPHERSON AV
","809 MCPHERSON AV
"
KEEP THE BUILDING VACANT,"811 MCPHERSON AV
Cincinnati, OH
(39.10640943616994, -84.57093708739012)",CRIMINAL,CBHCODE ,VACANT  ,N,1380826,409719,'017600200160      ,"MCPHERSON AV
","811 MCPHERSON AV
"
KEEP THE BUILDING VACANT,"813 MCPHERSON AV
Cincinnati, OH
(39.10647238871201, -84.57093708739012)",CIVIL2  ,CBHCODE ,VACANT  ,N,1380832,409743,'017600200009      ,"MCPHERSON AV
","813 MCPHERSON AV
"
CONDEMNATION,"817 MCPHERSON AV
Cincinnati, OH
(39.10657131413524, -84.5709280941698)",HAZARD  ,CBHCODE ,VACANT  ,N,1380834,409785,'017600200008      ,"MCPHERSON AV
","817 MCPHERSON AV
"
VACATE THE BUILDING,"820 MCPHERSON AV
Cincinnati, OH
(39.106517354813434, -84.57085614840747)",PREPROS ,CBHCODE ,VACANT  ,N,1380976,409750,'017600190185      ,"MCPHERSON AV
","820 MCPHERSON AV
"
CONDEMNATION,"820 MCPHERSON AV
Cincinnati, OH
(39.106517354813434, -84.57085614840747)",PREPROS ,CBHCODE ,VACANT  ,N,1380976,409750,'017600190185      ,"MCPHERSON AV
","820 MCPHERSON AV
"
CONDEMNATION,"832 MCPHERSON AV
Cincinnati, OH
(39.10698500226869, -84.57080218908573)",PREPROS ,CBHCODE ,VACANT  ,N,1380994,409921,'017600190013      ,"MCPHERSON AV
","832 MCPHERSON AV
"
KEEP THE BUILDING VACANT,"836 MCPHERSON AV
Cincinnati, OH
(39.10708392769192, -84.57079319586546)",CIVIL2  ,CBHCODE ,VACANT  ,N,1381011,409956,'017600190012      ,"MCPHERSON AV
","836 MCPHERSON AV
"
KEEP THE BUILDING VACANT,"840 MCPHERSON AV
Cincinnati, OH
(39.107335737860126, -84.57076621620456)",ORDERS  ,CBHCODE ,VACANT  ,N,1380989,410013,'017600190187      ,"MCPHERSON AV
","840 MCPHERSON AV
"
KEEP THE BUILDING VACANT,"910 MCPHERSON AV
Cincinnati, OH
(39.10788432429797, -84.5707032636625)",ORDERS  ,CBHCODE ,VACANT  ,N,1381028,410232,'017600190005      ,"MCPHERSON AV
","910 MCPHERSON AV
"
CONDEMNATION,"950 MCPHERSON AV
Cincinnati, OH
(39.10926928022309, -84.5705683653581)",CRIMINAL,CBHCODE ,VACANT  ,N,1381062,410737,'017500180027      ,"MCPHERSON AV
","950 MCPHERSON AV
"
CONDEMNATION,"1040 MCPHERSON AV
Cincinnati, OH
(39.11207516495455, -84.57029856874931)",CIVIL2  ,CBHCODE ,VACANT  ,N,1381169,411767,'017400080124      ,"MCPHERSON AV
","1040 MCPHERSON AV
"
KEEP THE BUILDING VACANT,"1043 MCPHERSON AV
Cincinnati, OH
(39.112147110716876, -84.57035252807106)",CIVIL2  ,CBHCODE ,VACANT  ,N,1381072,411798,'017400080165      ,"MCPHERSON AV
","1043 MCPHERSON AV
"
KEEP THE BUILDING VACANT,"1105 MCPHERSON AV
Cincinnati, OH
(39.112560798850325, -84.57030756196963)",ORDERS  ,CBHCODE ,VACANT  ,N,1381060,411958,'017400080159      ,"MCPHERSON AV
","1105 MCPHERSON AV
"
KEEP THE BUILDING VACANT,"732 MT HOPE AV
Cincinnati, OH
(39.10411616499522, -84.5581127552523)",PREPROS ,CBHCODE ,VACANT  ,N,1384575,408790,'017800280044      ,"MT HOPE AV
","732 MT HOPE AV
"
CONDEMNATION,"916 MT HOPE AV
Cincinnati, OH
(39.107326744639806, -84.55778899932176)",ORDERS  ,CBHCODE ,VACANT  ,N,1384689,409951,'017500150041      ,"MT HOPE AV
","916 MT HOPE AV
"
CONDEMNATION,"3018 MURDOCK AV
Cincinnati, OH
(39.097506148079844, -84.56277124336407)",CRIMPREP,CBHCODE ,VACANT  ,N,1383136,406462,'017700350029      ,"MURDOCK AV
","3018 MURDOCK AV
"
CONDEMNATION,"3023 MURDOCK AV
Cincinnati, OH
(39.09746118197842, -84.56297808743079)",HAZARD  ,CBHCODE ,VACANT  ,N,1383061,406323,'017700360018      ,"MURDOCK AV
","3023 MURDOCK AV
"
KEEP THE BUILDING VACANT,"970 OAKLAND AV
Cincinnati, OH
(39.11009665649004, -84.57430055177969)",ORDERS  ,CBHCODE ,VACANT  ,N,1380023,411069,'017600220021      ,"OAKLAND AV
","970 OAKLAND AV
"
KEEP THE BUILDING VACANT,"2805 PRICE AV
Cincinnati, OH
(39.106724198880215, -84.55921892134836)",ORDERS  ,CBHCODE ,VACANT  ,N,1384210,409676,'017500160225      ,"PRICE AV
","2805 PRICE AV
"
KEEP THE BUILDING VACANT,"2809 PRICE AV
Cincinnati, OH
(39.106724198880215, -84.55929986033095)",CIVIL1  ,CBHCODE ,VACANT  ,N,1384190,409677,'017500160227      ,"PRICE AV
","2809 PRICE AV
"
CONDEMNATION,"2809 PRICE AV
Cincinnati, OH
(39.106724198880215, -84.55929986033095)",ORDERS  ,CBHCODE ,VACANT  ,N,1384190,409677,'017500160227      ,"PRICE AV
","2809 PRICE AV
"
CONDEMNATION,"2811 PRICE AV
Cincinnati, OH
(39.10673319210048, -84.55935381965276)",ORDERS  ,CBHCODE ,VACANT  ,N,1384170,409681,'017500160017      ,"PRICE AV
","2811 PRICE AV
"
CONDEMNATION,"2825 PRICE AV
Cincinnati, OH
(39.10676916498164, -84.55984844676885)",HAZARD  ,CBHCODE ,VACANT  ,N,1384038,409698,'017500160021      ,"PRICE AV
","2825 PRICE AV
"
CONDEMNATION,"3301 PRICE AV
Cincinnati, OH
(39.107065941251335, -84.56480371115032)",CIVIL1  ,CBHCODE ,VACANT  ,N,1382630,409851,'017500170094      ,"PRICE AV
","3301 PRICE AV
"
KEEP THE BUILDING VACANT,"3419 PRICE AV
Cincinnati, OH
(39.10720083955573, -84.56680919927561)",CRIMINAL,CBHCODE ,VACANT  ,N,1382056,409910,'017600190166      ,"PRICE AV
","3419 PRICE AV
"
KEEP THE BUILDING VACANT,"3421 PRICE AV
Cincinnati, OH
(39.10721882599631, -84.5671329552062)",CIVIL2  ,CBHCODE ,VACANT  ,N,1381964,409894,'017600190164      ,"PRICE AV
","3421 PRICE AV
"
CONDEMNATION,"3430 PRICE AV
Cincinnati, OH
(39.10728177853838, -84.56715094164679)",PREPROS ,CBHCODE ,VACANT  ,N,1381970,410047,'017500180221      ,"PRICE AV
","3430 PRICE AV
"
CONDEMNATION,"3433 PRICE AV
Cincinnati, OH
(39.107245805657215, -84.5673757721541)",HAZARD  ,CBHCODE ,VACANT  ,N,1381910,409904,'017600190162      ,"PRICE AV
","3433 PRICE AV
"
CONDEMNATION,"309 PURCELL AV
Cincinnati, OH
(39.09622011757796, -84.56387740946013)",HAZARD  ,CBHCODE ,VACANT  ,N,1382754,405985,'017700360067      ,"PURCELL AV
","309 PURCELL AV
"
KEEP THE BUILDING VACANT,"309 PURCELL AV
Cincinnati, OH
(39.09622011757796, -84.56387740946013)",CRIMINAL,CBHCODE ,VACANT  ,N,1382754,405985,'017700360067      ,"PURCELL AV
","309 PURCELL AV
"
CONDEMNATION,"328 PURCELL AV
Cincinnati, OH
(39.09675971079554, -84.56406626708628)",ORDERS  ,CBHCODE ,VACANT  ,N,1382770,406186,'017700360042      ,"PURCELL AV
","328 PURCELL AV
"
CONDEMNATION,"431 PURCELL AV
Cincinnati, OH
(39.09859432773533, -84.56539726368965)",PREPROS ,CBHCODE ,VACANT  ,N,1382332,406853,'017700370081      ,"PURCELL AV
","431 PURCELL AV
"
KEEP THE BUILDING VACANT,"464 PURCELL AV
Cincinnati, OH
(39.09993431755896, -84.5651814264026)",ORDERS  ,CBHCODE ,VACANT  ,N,1382536,407322,'017700350155      ,"PURCELL AV
","464 PURCELL AV
"
KEEP THE BUILDING VACANT,"464 PURCELL AV
Cincinnati, OH
(39.09993431755896, -84.5651814264026)",ORDERS  ,CBHCODE ,VACANT  ,N,1382536,407322,'017700350155      ,"PURCELL AV
","464 PURCELL AV
"
KEEP THE BUILDING VACANT,"466 PURCELL AV
Cincinnati, OH
(39.10004223620251, -84.56517243318228)",ORDERS  ,CBHCODE ,VACANT  ,N,1382536,407353,'017700350176      ,"PURCELL AV
","466 PURCELL AV
"
CONDEMNATION,"501 PURCELL AV
Cincinnati, OH
(39.1008066599274, -84.56516343996202)",PREPROS ,CBHCODE ,VACANT  ,N,1382397,407644,'017700340007      ,"PURCELL AV
","501 PURCELL AV
"
CONDEMNATION,"751 PURCELL AV
Cincinnati, OH
(39.105654005665315, -84.5646867992865)",PREPROS ,CBHCODE ,VACANT  ,N,1382592,409424,'017800250141      ,"PURCELL AV
","751 PURCELL AV
"
CONDEMNATION,"753 PURCELL AV
Cincinnati, OH
(39.10496185648985, -84.56479174986019)",FINLNOTC,CBHCODE ,VACANT  ,N,1382592,409424,'017800250141      ,"PURCELL AV
","753 PURCELL AV
"
CONDEMNATION,"755 PURCELL AV
Cincinnati, OH
(39.105761924308865, -84.56467780606619)",FINLNOTC,CBHCODE ,VACANT  ,N,1382592,409424,'017800250141      ,"PURCELL AV
","755 PURCELL AV
"
CONDEMNATION,"757 PURCELL AV
Cincinnati, OH
(39.10581588363061, -84.56466881284592)",ORDERS  ,CBHCODE ,VACANT  ,N,1382593,409430,'017800250141      ,"PURCELL AV
","757 PURCELL AV
"
KEEP THE BUILDING VACANT,"805 PURCELL AV
Cincinnati, OH
(39.106184605662634, -84.56462384674444)",PREPROS ,CBHCODE ,VACANT  ,N,1382606,409597,'017500170087      ,"PURCELL AV
","805 PURCELL AV
"
CONDEMNATION,"1012 PURCELL AV
Cincinnati, OH
(39.110474371742384, -84.56412921962834)",ORDERS  ,CBHCODE ,VACANT  ,N,1382894,411156,'017300040070      ,"PURCELL AV
","1012 PURCELL AV
"
CONDEMNATION,"1016 PURCELL AV
Cincinnati, OH
(39.11061826326704, -84.56410223996744)",PROBATN ,CBHCODE ,VACANT  ,N,1382923,411200,'017300040071      ,"PURCELL AV
","1016 PURCELL AV
"
CONDEMNATION,"1017 PURCELL AV
Cincinnati, OH
(39.110636249707625, -84.56417418572977)",HAZARD  ,CBHCODE ,VACANT  ,N,1382774,411214,'017300040136      ,"PURCELL AV
","1017 PURCELL AV
"
KEEP THE BUILDING VACANT,"1018 PURCELL AV
Cincinnati, OH
(39.11071718869027, -84.56409324674718)",CIVIL1  ,CBHCODE ,VACANT  ,N,1382918,411232,'017300040072      ,"PURCELL AV
","1018 PURCELL AV
"
CONDEMNATION,"1024 PURCELL AV
Cincinnati, OH
(39.11088805987583, -84.56407526030654)",HAZARD  ,CBHCODE ,VACANT  ,N,1382932,411289,'017300040073      ,"PURCELL AV
","1024 PURCELL AV
"
CONDEMNATION,"1219 PURCELL AV
Cincinnati, OH
(39.11410763274074, -84.56383244335865)",HAZARD  ,CBHCODE ,VACANT  ,N,1382914,412477,'017300020136      ,"PURCELL AV
","1219 PURCELL AV
"
KEEP THE BUILDING VACANT,"1214 QUEBEC RD
Cincinnati, OH
(39.114593266636575, -84.57523584669019)",PREPROS ,CBHCODE ,VACANT  ,N,1379800,412659,'017400050202      ,"QUEBEC RD
","1214 QUEBEC RD
"
CONDEMNATION,"1218 QUEBEC RD
Cincinnati, OH
(39.114593266636575, -84.57523584669019)",HAZARD  ,CBHCODE ,VACANT  ,N,1379842,412733,'017400050172      ,"QUEBEC RD
","1218 QUEBEC RD
"
CONDEMNATION,"1226 QUEBEC RD
Cincinnati, OH
(39.11491702256711, -84.57508296194521)",HAZARD  ,CBHCODE ,VACANT  ,N,1379858,412833,'017400050168      ,"QUEBEC RD
","1226 QUEBEC RD
"
VACATE THE BUILDING,"1226 QUEBEC RD
Cincinnati, OH
(39.11491702256711, -84.57508296194521)",HAZARD  ,CBHCODE ,VACANT  ,N,1379858,412833,'017400050168      ,"QUEBEC RD
","1226 QUEBEC RD
"
KEEP THE BUILDING VACANT,"1232 QUEBEC RD
Cincinnati, OH
(39.115105880193255, -84.57498403652198)",ORDERS  ,CBHCODE ,VACANT  ,N,1379886,412903,'017400050183      ,"QUEBEC RD
","1232 QUEBEC RD
"
CONDEMNATION,"1254 QUEBEC RD
Cincinnati, OH
(39.11598721578201, -84.57488511109875)",ORDERS  ,CBHCODE ,VACANT  ,N,1379911,413225,'017400050152      ,"QUEBEC RD
","1254 QUEBEC RD
"
KEEP THE BUILDING VACANT,"1013 RAPID AV
Cincinnati, OH
(39.11113087682378, -84.57549665007866)",ORDERS  ,CBHCODE ,VACANT  ,N,1379569,411456,'017400070162      ,"RAPID AV
","1013 RAPID AV
"
CONDEMNATION,"2524 RING PL
Cincinnati, OH
(39.110843093774406, -84.5567098128866)",ORDERS  ,CBHCODE ,VACANT  ,N,1384990,411259,'017500130043      ,"RING PL
","2524 RING PL
"
CONDEMNATION,"2535 RING PL
Cincinnati, OH
(39.11113087682378, -84.55713249424036)",PREPROS ,CBHCODE ,VACANT  ,N,1384845,411286,'017500130006      ,"RING PL
","2535 RING PL
"
KEEP THE BUILDING VACANT,"2540 RING PL
Cincinnati, OH
(39.111256781907855, -84.55718645356211)",ORDERS  ,CBHCODE ,VACANT  ,N,1384859,411425,'017300060040      ,"RING PL
","2540 RING PL
"
CONDEMNATION,"2617 RING PL
Cincinnati, OH
(39.11219207681836, -84.55991139931092)",ORDERS  ,CBHCODE ,VACANT  ,N,1384133,411708,'017300050045      ,"RING PL
","2617 RING PL
"
KEEP THE BUILDING VACANT,"1223 ROSS AV
Cincinnati, OH
(39.11480910392362, -84.57382391110417)",CRIMINAL,CBHCODE ,VACANT  ,N,1380065,412810,'017400050167      ,"ROSS AV
","1223 ROSS AV
"
CONDEMNATION,"1223 ROSS AV
Cincinnati, OH
(39.11480910392362, -84.57382391110417)",HAZARD  ,CBHCODE ,VACANT  ,N,1380065,412810,'017400050167      ,"ROSS AV
","1223 ROSS AV
"
KEEP THE BUILDING VACANT,"1234 ROSS AV
Cincinnati, OH
(39.115042927651245, -84.57359008737654)",ORDERS  ,CBHCODE ,VACANT  ,N,1380293,412896,'017400040058      ,"ROSS AV
","1234 ROSS AV
"
CONDEMNATION,"1238 ROSS AV
Cincinnati, OH
(39.115285744599134, -84.57343720263157)",HAZARD  ,CBHCODE ,VACANT  ,N,1380314,412946,'017400040049      ,"ROSS AV
","1238 ROSS AV
"
KEEP THE BUILDING VACANT,"1615 ROSS AV
Cincinnati, OH
(39.117480090350625, -84.57180043653824)",ORDERS  ,CBHCODE ,VACANT  ,N,1380714,413804,'020400140069      ,"ROSS AV
","1615 ROSS AV
"
CONDEMNATION,"1036 SETON AV
Cincinnati, OH
(39.11155355817755, -84.57639597210795)",HAZARD  ,CBHCODE ,VACANT  ,N,1379450,411618,'017400060016      ,"SETON AV
","1036 SETON AV
"
CONDEMNATION,"1100 SETON AV
Cincinnati, OH
(39.11185033444718, -84.5763689924471)",CIVIL1  ,CBHCODE ,VACANT  ,N,1379459,411707,'017400060014      ,"SETON AV
","1100 SETON AV
"
CONDEMNATION,"3745 ST LAWRENCE AV
Cincinnati, OH
(39.11058229038588, -84.5744444433044)",ORDERS  ,CBHCODE ,VACANT  ,N,1379924,411221,'017600220003      ,"ST LAWRENCE AV
","3745 ST LAWRENCE AV
"
KEEP THE BUILDING VACANT,"3775 ST LAWRENCE AV
Cincinnati, OH
(39.11033048021767, -84.57589235177159)",ORDERS  ,CBHCODE ,VACANT  ,N,1379511,411108,'01760A230029      ,"ST LAWRENCE AV
","3775 ST LAWRENCE AV
"
KEEP THE BUILDING VACANT,"2828 STERRETT AV
Cincinnati, OH
(39.11296549376351, -84.55678175864892)",ORDERS  ,CBHCODE ,VACANT  ,N,1384964,412057,'017200180053      ,"STERRETT AV
","2828 STERRETT AV
"
CONDEMNATION,"752 SUMMIT AV
Cincinnati, OH
(39.10471871075487, -84.55909301626423)",FINLNOTC,CBHCODE ,VACANT  ,N,1384260,408924,'017800270014      ,"SUMMIT AV
","752 SUMMIT AV
"
CONDEMNATION,"815 SUMMIT AV
Cincinnati, OH
(39.10615762600173, -84.55901207728158)",PREPROS ,CBHCODE ,VACANT  ,N,1384189,409550,'017500160024      ,"SUMMIT AV
","815 SUMMIT AV
"
CONDEMNATION,"817 SUMMIT AV
Cincinnati, OH
(39.1062205785438, -84.55900308406132)",PREPROS ,CBHCODE ,VACANT  ,N,1384192,409575,'017500160023      ,"SUMMIT AV
","817 SUMMIT AV
"
CONDEMNATION,"746 TERRY ST
Cincinnati, OH
(39.10560004634357, -84.5721331856891)",PREPROS ,CBHCODE ,VACANT  ,N,1380687,409394,'017600200111      ,"TERRY ST
","746 TERRY ST
"
CONDEMNATION,"834 TERRY ST
Cincinnati, OH
(39.10742567006304, -84.57195332128322)",PREPROS ,CBHCODE ,VACANT  ,N,1380672,410077,'017600200167      ,"TERRY ST
","834 TERRY ST
"
CONDEMNATION,"3025 THERESA ST
Cincinnati, OH
(39.117111368318604, -84.56086468066195)",ORDERS  ,CBHCODE ,VACANT  ,N,1383830,413468,'020400200019      ,"THERESA ST
","3025 THERESA ST
"
CONDEMNATION,"3027 THERESA ST
Cincinnati, OH
(39.117129354759186, -84.56107152472867)",ORDERS  ,CBHCODE ,VACANT  ,N,1383781,413464,'020400200018      ,"THERESA ST
","3027 THERESA ST
"
CONDEMNATION,"3029 THERESA ST
Cincinnati, OH
(39.117129354759186, -84.56121541625339)",ORDERS  ,CBHCODE ,VACANT  ,N,1383727,413465,'020400200186      ,"THERESA ST
","3029 THERESA ST
"
KEEP THE BUILDING VACANT,"1017 UNDERWOOD PL
Cincinnati, OH
(39.11051034462355, -84.55871530101194)",CIVIL1  ,CBHCODE ,VACANT  ,N,1384339,411129,'017300050062      ,"UNDERWOOD PL
","1017 UNDERWOOD PL
"
CONDEMNATION,"1038 UNDERWOOD PL
Cincinnati, OH
(39.11113987004404, -84.55856241626697)",PREPROS ,CBHCODE ,VACANT  ,N,1384482,411343,'017500130048      ,"UNDERWOOD PL
","1038 UNDERWOOD PL
"
KEEP THE BUILDING VACANT,"3609 VAN VEY ST
Cincinnati, OH
(39.10894552429255, -84.57141372806564)",ORDERS  ,CBHCODE ,VACANT  ,N,1380785,410587,'017600220147      ,"VAN VEY ST
","3609 VAN VEY ST
"
KEEP THE BUILDING VACANT,"3609 VAN VEY ST
Cincinnati, OH
(39.10894552429255, -84.57141372806564)",CIVIL1  ,CBHCODE ,VACANT  ,N,1380785,410587,'017600220147      ,"VAN VEY ST
","3609 VAN VEY ST
"
KEEP THE BUILDING VACANT,"928 VOSS ST
Cincinnati, OH
(39.10848687005762, -84.5715845992512)",ORDERS  ,CBHCODE ,VACANT  ,N,1380754,410485,'017600220149      ,"VOSS ST
","928 VOSS ST
"
CONDEMNATION,"2519 WARSAW AV
Cincinnati, OH
(39.10937719886664, -84.55645800271839)",PROBATN ,CBHCODE ,VACANT  ,N,1384994,410625,'017500150002      ,"WARSAW AV
","2519 WARSAW AV
"
KEEP THE BUILDING VACANT,"2539 WARSAW AV
Cincinnati, OH
(39.10959303615368, -84.55766309423768)",CIVIL1  ,CBHCODE ,VACANT  ,N,1384694,410716,'017500150110      ,"WARSAW AV
","2539 WARSAW AV
"
CONDEMNATION,"2539 WARSAW AV
Cincinnati, OH
(39.10959303615368, -84.55766309423768)",ORDERS  ,CBHCODE ,VACANT  ,N,1384694,410716,'017500150110      ,"WARSAW AV
","2539 WARSAW AV
"
KEEP THE BUILDING VACANT,"2541 WARSAW AV
Cincinnati, OH
(39.109602029373946, -84.55778899932176)",PREPROS ,CBHCODE ,VACANT  ,N,1384662,410718,'017500150011      ,"WARSAW AV
","2541 WARSAW AV
"
CONDEMNATION,"2543 WARSAW AV
Cincinnati, OH
(39.109602029373946, -84.55783396542324)",PREPROS ,CBHCODE ,VACANT  ,N,1384626,410721,'017500150012      ,"WARSAW AV
","2543 WARSAW AV
"
CONDEMNATION,"2547 WARSAW AV
Cincinnati, OH
(39.109611022594265, -84.55796886372764)",PREPROS ,CBHCODE ,VACANT  ,N,1384584,410666,'017500150111      ,"WARSAW AV
","2547 WARSAW AV
"
CONDEMNATION,"2549 WARSAW AV
Cincinnati, OH
(39.109611022594265, -84.55805879593055)",HAZARD  ,CBHCODE ,VACANT  ,N,1384549,410664,'017500150013      ,"WARSAW AV
","2549 WARSAW AV
"
CONDEMNATION,"2900 WARSAW AV
Cincinnati, OH
(39.10979988022041, -84.55987542642976)",CIVIL1  ,CBHCODE ,VACANT  ,N,1384053,410938,'017300050102      ,"WARSAW AV
","2900 WARSAW AV
"
CONDEMNATION,"2911 WARSAW AV
Cincinnati, OH
(39.109772900559506, -84.56036106032553)",HAZARD  ,CBHCODE ,VACANT  ,N,1383913,410795,'017500160007      ,"WARSAW AV
","2911 WARSAW AV
"
KEEP THE BUILDING VACANT ,"3113 WARSAW AV
Cincinnati, OH
(39.109853839542154, -84.5625733925176)",ORDERS  ,CBHCODEC,VACANT  ,N,1383300,410882,'017500170003      ,"WARSAW AV
","3113 WARSAW AV
"
KEEP THE BUILDING VACANT,"3216 WARSAW AV
Cincinnati, OH
(39.10997974462629, -84.56379647047748)",CIVIL1  ,CBHCODE ,VACANT  ,N,1382949,411034,'017300040067      ,"WARSAW AV
","3216 WARSAW AV
"
CONDEMNATION,"3304 WARSAW AV
Cincinnati, OH
(39.110024710727714, -84.5644979416603)",HAZARD  ,CBHCODE ,VACANT  ,N,1382757,411047,'017300040164      ,"WARSAW AV
","3304 WARSAW AV
"
KEEP THE BUILDING VACANT ,"3312 WARSAW AV
Cincinnati, OH
(39.110051690388616, -84.56471377894735)",CIVIL1  ,CBHCODEC,VACANT  ,N,1382681,411051,'017400090164      ,"WARSAW AV
","3312 WARSAW AV
"
CONDEMNATION,"3317 WARSAW AV
Cincinnati, OH
(39.110033703948034, -84.56516343996202)",ORDERS  ,CBHCODE ,VACANT  ,N,1382552,410954,'017500170096      ,"WARSAW AV
","3317 WARSAW AV
"
CONDEMNATION,"3319 WARSAW AV
Cincinnati, OH
(39.110033703948034, -84.56516343996202)",ORDERS  ,CBHCODE ,VACANT  ,N,1382552,410954,'017500170096      ,"WARSAW AV
","3319 WARSAW AV
"
CONDEMNATION,"3628 WARSAW AV
Cincinnati, OH
(39.11055531072503, -84.57169251789475)",HAZARD  ,CBHCODE ,VACANT  ,N,1380703,411293,'017400080286      ,"WARSAW AV
","3628 WARSAW AV
"
CONDEMNATION,"3630 WARSAW AV
Cincinnati, OH
(39.11055531072503, -84.57176446365708)",HAZARD  ,CBHCODE ,VACANT  ,N,1380700,411355,'017400080221      ,"WARSAW AV
","3630 WARSAW AV
"
KEEP THE BUILDING VACANT,"730 WELLS ST
Cincinnati, OH
(39.10340570059208, -84.57009172468258)",ORDERS  ,CBHCODE ,VACANT  ,N,1381158,408616,'017600240100      ,"WELLS ST
","730 WELLS ST
"
KEEP THE BUILDING VACANT,"760 WELLS ST
Cincinnati, OH
(39.10455683278957, -84.56997481281877)",CRIMINAL,CBHCODE ,VACANT  ,N,1381204,409043,'017600240052      ,"WELLS ST
","760 WELLS ST
"
KEEP THE BUILDING VACANT,"761 WELLS ST
Cincinnati, OH
(39.104790656517196, -84.57002877214052)",CIVIL1  ,CBHCODE ,VACANT  ,N,1381073,409141,'017600240041      ,"WELLS ST
","761 WELLS ST
"
KEEP THE BUILDING VACANT,"763 WELLS ST
Cincinnati, OH
(39.10492555482159, -84.57001078569994)",CIVIL2  ,CBHCODE ,VACANT  ,N,1381072,409168,'017600240043      ,"WELLS ST
","763 WELLS ST
"
VACATE THE BUILDING,"765 WELLS ST
Cincinnati, OH
(39.10499750058392, -84.57000179247967)",ORDERS  ,CBHCODE ,VACANT  ,N,1381076,409195,'017600240044      ,"WELLS ST
","765 WELLS ST
"
KEEP THE BUILDING VACANT,"765 WELLS ST
Cincinnati, OH
(39.10499750058392, -84.57000179247967)",ORDERS  ,CBHCODE ,VACANT  ,N,1381076,409195,'017600240044      ,"WELLS ST
","765 WELLS ST
"
KEEP THE BUILDING VACANT,"765 WELLS ST
Cincinnati, OH
(39.10499750058392, -84.57000179247967)",ORDERS  ,CBHCODE ,VACANT  ,N,1381076,409195,'017600240044      ,"WELLS ST
","765 WELLS ST
"
KEEP THE BUILDING VACANT,"790 WELLS ST
Cincinnati, OH
(39.10543816837827, -84.56989387383612)",CRIMINAL,CBHCODE ,VACANT  ,N,1381220,409351,'017600190119      ,"WELLS ST
","790 WELLS ST
"
CONDEMNATION,"901 WELLS ST
Cincinnati, OH
(39.10729077175864, -84.56961508400707)",PREPROS ,CBHCODE ,VACANT  ,N,1381210,410053,'017600190029      ,"WELLS ST
","901 WELLS ST
"
CONDEMNATION,"924 WELLS ST
Cincinnati, OH
(39.10825304632999, -84.56944421282151)",HAZARD  ,CBHCODE ,VACANT  ,N,1381389,410374,'017500180096      ,"WELLS ST
","924 WELLS ST
"
KEEP THE BUILDING VACANT,"932 WELLS ST
Cincinnati, OH
(39.108549822599684, -84.5694172331606)",ORDERS  ,CBHCODE ,VACANT  ,N,1381399,410474,'017500180092      ,"WELLS ST
","932 WELLS ST
"
KEEP THE BUILDING VACANT,"935 WELLS ST
Cincinnati, OH
(39.10867572768376, -84.56947119248235)",CRIMINAL,CBHCODE ,VACANT  ,N,1381275,410527,'017500180047      ,"WELLS ST
","935 WELLS ST
"
CONDEMNATION,"941 WELLS ST
Cincinnati, OH
(39.10887357853022, -84.56945320604177)",ORDERS  ,CBHCODE ,VACANT  ,N,1381278,410607,'017500180050      ,"WELLS ST
","941 WELLS ST
"
CONDEMNATION,"960 WELLS ST
Cincinnati, OH
(39.10953008361162, -84.56931830773738)",HAZARD  ,CBHCODE ,VACANT  ,N,1381442,410838,'017500180260      ,"WELLS ST
","960 WELLS ST
"
CONDEMNATION,"962 WELLS ST
Cincinnati, OH
(39.10964699547543, -84.56930931451711)",HAZARD  ,CBHCODE ,VACANT  ,N,1381451,410868,'017500180076      ,"WELLS ST
","962 WELLS ST
"
CONDEMNATION,"963 WELLS ST
Cincinnati, OH
(39.10948511751013, -84.56939924672002)",HAZARD  ,CBHCODE ,VACANT  ,N,1381302,410829,'017500180058      ,"WELLS ST
","963 WELLS ST
"
KEEP THE BUILDING VACANT,"967 WELLS ST
Cincinnati, OH
(39.1095750497131, -84.56938126027944)",CIVIL2  ,CBHCODE ,VACANT  ,N,1381301,410866,'017500180059      ,"WELLS ST
","967 WELLS ST
"
VACATE THE BUILDING,"967 WELLS ST
Cincinnati, OH
(39.1095750497131, -84.56938126027944)",CIVIL2  ,CBHCODE ,VACANT  ,N,1381301,410866,'017500180059      ,"WELLS ST
","967 WELLS ST
"
CONDEMNATION,"1042 WELLS ST
Cincinnati, OH
(39.111967246310996, -84.56943521960119)",ORDERS  ,CBHCODE ,VACANT  ,N,1381575,411720,'017400080040      ,"WELLS ST
","1042 WELLS ST
"
CONDEMNATION,"1050 WELLS ST
Cincinnati, OH
(39.111021151338555, -84.56941841452301)",FINLNOTC,CBHCODE ,VACANT  ,N,1381470,411866,'017400080037      ,"WELLS ST
","1050 WELLS ST
"
KEEP THE BUILDING VACANT,"1120 WELLS ST
Cincinnati, OH
(39.11176023678516, -84.56940770313973)",ORDERS  ,CBHCODE ,VACANT  ,N,1381488,412009,'017400080034      ,"WELLS ST
","1120 WELLS ST
"
CONDEMNATION,"1124 WELLS ST
Cincinnati, OH
(39.112929520882346, -84.56942622638093)",HAZARD  ,CBHCODE ,VACANT  ,N,1381418,412076,'017400080033      ,"WELLS ST
","1124 WELLS ST
"
KEEP THE BUILDING VACANT,"507 WOODLAWN AV
Cincinnati, OH
(39.10117538195942, -84.56816717553988)",PREPROS ,CBHCODE ,VACANT  ,N,1381560,407797,'017700340087      ,"WOODLAWN AV
","507 WOODLAWN AV
"
KEEP THE BUILDING VACANT,"541 WOODLAWN AV
Cincinnati, OH
(39.102353493817816, -84.56804127045575)",CRIMINAL,CBHCODE ,VACANT  ,N,1381620,408222,'017600210052      ,"WOODLAWN AV
","541 WOODLAWN AV
"
KEEP THE BUILDING VACANT,"802 WOODLAWN AV
Cincinnati, OH
(39.10596876837559, -84.56761858910198)",CIVIL2  ,CBHCODE ,VACANT  ,N,1381893,409528,'017600190183      ,"WOODLAWN AV
","802 WOODLAWN AV
"
CONDEMNATION,"925 WOODLAWN AV
Cincinnati, OH
(39.108100161585014, -84.56745671113674)",HAZARD  ,CBHCODE ,VACANT  ,N,1381834,410346,'017500180152      ,"WOODLAWN AV
","925 WOODLAWN AV
"
CONDEMNATION,"951 WOODLAWN AV
Cincinnati, OH
(39.10893653107229, -84.56736677893377)",HAZARD  ,CBHCODE ,VACANT  ,N,1381876,410642,'017500180159      ,"WOODLAWN AV
","951 WOODLAWN AV
"
KEEP THE BUILDING VACANT,"1117 WOODLAWN AV
Cincinnati, OH
(39.112749656476524, -84.56699805690181)",ORDERS  ,CBHCODE ,VACANT  ,N,1382002,412006,'017400090216      ,"WOODLAWN AV
","1117 WOODLAWN AV
"
KEEP THE BUILDING VACANT,"1117 WOODLAWN AV
Cincinnati, OH
(39.112749656476524, -84.56699805690181)",ORDERS  ,CBHCODE ,VACANT  ,N,1382002,412006,'017400090216      ,"WOODLAWN AV
","1117 WOODLAWN AV
"
